user_id,timestamp,event_type,device_id,location,resource,sensitivity,data_volume_mb,session_duration_min,success_flag,files_accessed,sensitive_files_accessed,failed_logins
U004,2026-08-20 06:34:00,login,LAPTOP-004,Port Lindachester,/company/normal,normal,72.57,77,1,14,4,0
U008,2026-08-20 06:44:00,login,LAPTOP-008,Port Jesseville,/company/normal,normal,66.08,93,1,30,7,0
U014,2026-08-20 07:02:00,login,LAPTOP-014,Donaldside,/company/normal,normal,57.52,118,1,12,1,0
U018,2026-08-20 07:40:00,login,LAPTOP-018,Kaylamouth,/company/normal,normal,40.11,90,1,12,1,0
U003,2026-08-20 07:45:00,login,LAPTOP-003,Lake Debra,/company/normal,normal,41.57,72,1,16,1,0
U006,2026-08-20 07:51:00,login,LAPTOP-006,Lake Stephenville,/company/normal,normal,183.35,119,1,21,5,0
U009,2026-08-20 08:17:00,login,LAPTOP-009,West Michael,/company/normal,normal,82.85,84,1,21,7,0
U005,2026-08-20 08:28:00,login,LAPTOP-005,Curtisfurt,/company/normal,normal,36.5,76,1,12,1,0
U015,2026-08-20 08:34:00,login,LAPTOP-015,Coxberg,/company/normal,normal,92.32,82,1,27,6,0
U017,2026-08-20 08:35:00,login,LAPTOP-017,Riceside,/company/normal,normal,56.06,89,1,15,1,0
U007,2026-08-20 08:48:00,login,LAPTOP-007,Barbaraland,/company/normal,normal,105.14,64,1,17,2,0
U010,2026-08-20 08:48:00,login,LAPTOP-010,New Cynthiaside,/company/normal,normal,47.33,79,1,20,1,0
U011,2026-08-20 09:05:00,login,LAPTOP-011,Lake Mark,/company/normal,normal,98.48,114,1,24,4,0
U001,2026-08-20 09:14:00,login,LAPTOP-001,East Jill,/company/normal,normal,67.1,96,1,21,3,0
U012,2026-08-20 09:22:00,login,LAPTOP-012,Richardland,/company/normal,normal,61.63,88,1,22,6,0
U013,2026-08-20 09:38:00,login,LAPTOP-013,Jasonfort,/company/normal,normal,72.82,76,1,17,5,0
U002,2026-08-20 10:01:00,login,LAPTOP-002,Johnsonland,/company/normal,normal,41.43,66,1,19,1,0
U016,2026-08-20 11:59:00,login,LAPTOP-016,East Courtneychester,/company/normal,normal,22.03,82,1,5,0,0
U002,2026-08-21 07:12:00,login,LAPTOP-002,Johnsonland,/company/normal,normal,71.08,124,1,12,1,0
U009,2026-08-21 07:23:00,login,LAPTOP-009,West Michael,/company/normal,normal,83.79,109,1,21,4,0
U004,2026-08-21 07:49:00,login,LAPTOP-004,Port Lindachester,/company/normal,normal,61.85,67,1,20,8,0
U006,2026-08-21 07:55:00,login,LAPTOP-006,Lake Stephenville,/company/normal,normal,138.98,68,1,33,9,0
U003,2026-08-21 08:02:00,login,LAPTOP-003,Lake Debra,/company/normal,normal,41.51,106,1,17,2,0
U013,2026-08-21 08:10:00,login,LAPTOP-013,Jasonfort,/company/normal,normal,97.14,66,1,17,4,0
U014,2026-08-21 08:15:00,login,LAPTOP-014,Donaldside,/company/normal,normal,53.46,69,0,22,2,1
U007,2026-08-21 08:17:00,login,LAPTOP-007,Barbaraland,/company/normal,normal,110.39,95,1,27,6,0
U017,2026-08-21 08:35:00,login,LAPTOP-017,Riceside,/company/normal,normal,51.2,72,1,13,1,0
U008,2026-08-21 08:53:00,login,LAPTOP-008,Port Jesseville,/company/normal,normal,105.24,59,1,17,1,0
U001,2026-08-21 08:55:00,login,LAPTOP-001,East Jill,/company/normal,normal,76.33,109,1,13,7,0
U011,2026-08-21 08:59:00,login,LAPTOP-011,Lake Mark,/company/normal,normal,77.16,158,1,24,8,0
U012,2026-08-21 09:04:00,login,LAPTOP-012,Richardland,/company/normal,normal,70.88,86,1,14,2,0
U005,2026-08-21 09:05:00,login,LAPTOP-005,Curtisfurt,/company/normal,normal,25.23,81,1,13,3,0
U018,2026-08-21 09:20:00,login,LAPTOP-018,Kaylamouth,/company/normal,normal,82.16,105,1,8,1,0
U015,2026-08-21 09:24:00,login,LAPTOP-015,Coxberg,/company/normal,normal,52.57,66,1,26,5,0
U010,2026-08-21 10:42:00,login,LAPTOP-010,New Cynthiaside,/company/normal,normal,29.45,70,1,17,0,0
U016,2026-08-21 12:59:00,login,LAPTOP-016,East Courtneychester,/company/normal,normal,42.36,43,1,14,0,0
U008,2026-08-22 06:31:00,login,LAPTOP-008,Port Jesseville,/company/normal,normal,134.89,90,1,13,4,0
U013,2026-08-22 06:37:00,login,LAPTOP-013,Jasonfort,/company/normal,normal,50.71,84,1,24,6,0
U010,2026-08-22 07:09:00,login,LAPTOP-010,New Cynthiaside,/company/normal,normal,54.21,74,1,14,3,0
U007,2026-08-22 07:20:00,login,LAPTOP-007,Barbaraland,/company/normal,normal,72.02,130,1,25,7,0
U006,2026-08-22 07:36:00,login,LAPTOP-006,Lake Stephenville,/company/normal,normal,113.31,109,1,29,6,0
U015,2026-08-22 08:14:00,login,LAPTOP-015,Coxberg,/company/normal,normal,100.5,92,1,13,4,0
U003,2026-08-22 08:51:00,login,LAPTOP-003,Lake Debra,/company/normal,normal,42.88,73,1,17,1,0
U009,2026-08-22 08:58:00,login,LAPTOP-009,West Michael,/company/normal,normal,71.28,143,1,19,5,0
U017,2026-08-22 09:05:00,login,LAPTOP-017,Riceside,/company/normal,normal,70.37,78,1,9,1,0
U011,2026-08-22 09:15:00,login,LAPTOP-011,Lake Mark,/company/normal,normal,60.24,112,1,15,5,0
U004,2026-08-22 09:17:00,login,LAPTOP-004,Port Lindachester,/company/normal,normal,96.59,52,1,21,6,0
U012,2026-08-22 09:34:00,login,LAPTOP-012,Richardland,/company/normal,normal,85.69,105,0,22,4,1
U001,2026-08-22 09:49:00,login,LAPTOP-001,East Jill,/company/normal,normal,79.28,70,1,16,3,0
U018,2026-08-22 09:55:00,login,LAPTOP-018,Kaylamouth,/company/normal,normal,39.22,84,1,13,3,0
U016,2026-08-22 10:08:00,login,LAPTOP-016,East Courtneychester,/company/normal,normal,32.31,86,1,9,0,0
U014,2026-08-22 10:37:00,login,LAPTOP-014,Donaldside,/company/normal,normal,69.58,90,1,18,4,0
U001,2026-08-23 06:40:00,login,LAPTOP-001,East Jill,/company/normal,normal,102.97,89,1,25,6,0
U003,2026-08-23 07:04:00,login,LAPTOP-003,Lake Debra,/company/normal,normal,37.34,95,1,20,5,0
U008,2026-08-23 07:07:00,login,LAPTOP-008,Port Jesseville,/company/normal,normal,96.56,120,1,19,5,0
U014,2026-08-23 07:16:00,login,LAPTOP-014,Donaldside,/company/normal,normal,72.54,91,1,14,1,0
U006,2026-08-23 07:35:00,login,LAPTOP-006,Lake Stephenville,/company/normal,normal,73.05,102,1,25,10,0
U007,2026-08-23 08:00:00,login,LAPTOP-007,Barbaraland,/company/normal,normal,144.3,119,0,24,10,1
U005,2026-08-23 08:33:00,login,LAPTOP-005,Curtisfurt,/company/normal,normal,51.72,36,1,11,1,0
U009,2026-08-23 08:34:00,login,LAPTOP-009,West Michael,/company/normal,normal,68.83,90,1,23,14,0
U017,2026-08-23 08:40:00,login,LAPTOP-017,Riceside,/company/normal,normal,64.33,69,1,17,1,0
U018,2026-08-23 08:40:00,login,LAPTOP-018,Kaylamouth,/company/normal,normal,50.86,32,1,10,0,0
U002,2026-08-23 08:43:00,login,LAPTOP-002,Johnsonland,/company/normal,normal,57.79,128,0,10,1,1
U012,2026-08-23 09:10:00,login,LAPTOP-012,Richardland,/company/normal,normal,64.77,114,1,23,6,0
U004,2026-08-23 09:38:00,login,LAPTOP-004,Port Lindachester,/company/normal,normal,115.22,70,1,18,5,0
U010,2026-08-23 09:49:00,login,LAPTOP-010,New Cynthiaside,/company/normal,normal,51.8,102,1,12,0,0
U016,2026-08-23 09:58:00,login,LAPTOP-016,East Courtneychester,/company/normal,normal,16.74,102,1,6,0,0
U011,2026-08-23 10:07:00,login,LAPTOP-011,Lake Mark,/company/normal,normal,102.37,128,1,16,5,0
U015,2026-08-23 10:48:00,login,LAPTOP-015,Coxberg,/company/normal,normal,87.94,47,1,30,7,0
U013,2026-08-23 11:46:00,login,LAPTOP-013,Jasonfort,/company/normal,normal,101.07,116,1,16,0,0
U018,2026-08-24 06:13:00,login,LAPTOP-018,Kaylamouth,/company/normal,normal,46.41,110,1,18,1,0
U008,2026-08-24 06:53:00,login,LAPTOP-008,Port Jesseville,/company/normal,normal,116.89,80,1,17,4,0
U004,2026-08-24 06:58:00,login,LAPTOP-004,Port Lindachester,/company/normal,normal,47.71,73,1,15,1,0
U014,2026-08-24 07:08:00,login,LAPTOP-014,Donaldside,/company/normal,normal,40.97,109,1,13,0,0
U011,2026-08-24 08:05:00,login,LAPTOP-011,Lake Mark,/company/normal,normal,85.86,141,1,13,6,0
U001,2026-08-24 08:12:00,login,LAPTOP-001,East Jill,/company/normal,normal,74.49,71,1,9,3,0
U009,2026-08-24 08:15:00,login,LAPTOP-009,West Michael,/company/normal,normal,78.2,87,1,11,2,0
U006,2026-08-24 09:01:00,login,LAPTOP-006,Lake Stephenville,/company/normal,normal,126.45,149,1,30,6,0
U007,2026-08-24 09:23:00,login,LAPTOP-007,Barbaraland,/company/normal,normal,141.87,57,1,24,6,0
U015,2026-08-24 09:30:00,login,LAPTOP-015,Coxberg,/company/normal,normal,114.6,94,1,20,2,0
U002,2026-08-24 09:48:00,login,LAPTOP-002,Johnsonland,/company/normal,normal,40.6,35,1,13,1,0
U013,2026-08-24 09:48:00,login,LAPTOP-013,Jasonfort,/company/normal,normal,58.3,159,1,17,1,0
U003,2026-08-24 09:49:00,login,LAPTOP-003,Lake Debra,/company/normal,normal,54.67,128,1,15,0,0
U017,2026-08-24 09:55:00,login,LAPTOP-017,Riceside,/company/normal,normal,45.11,73,1,14,1,0
U016,2026-08-24 10:10:00,login,LAPTOP-016,East Courtneychester,/company/normal,normal,29.08,115,1,7,0,0
U012,2026-08-24 10:31:00,login,LAPTOP-012,Richardland,/company/normal,normal,75.87,21,1,22,5,0
U018,2026-08-25 07:36:00,login,LAPTOP-018,Kaylamouth,/company/normal,normal,60.69,95,1,9,1,0
U009,2026-08-25 07:37:00,login,LAPTOP-009,West Michael,/company/normal,normal,35.25,121,1,18,4,0
U015,2026-08-25 07:42:00,login,LAPTOP-015,Coxberg,/company/normal,normal,30.12,58,1,24,4,0
U005,2026-08-25 07:57:00,login,LAPTOP-005,Curtisfurt,/company/normal,normal,57.95,84,1,6,1,0
U011,2026-08-25 08:03:00,login,LAPTOP-011,Lake Mark,/company/normal,normal,84.62,64,0,19,1,1
U010,2026-08-25 08:04:00,login,LAPTOP-010,New Cynthiaside,/company/normal,normal,49.9,57,1,11,0,0
U006,2026-08-25 08:07:00,login,LAPTOP-006,Lake Stephenville,/company/normal,normal,106.51,101,1,34,12,0
U008,2026-08-25 08:37:00,login,LAPTOP-008,Port Jesseville,/company/normal,normal,82.36,86,1,32,10,0
U004,2026-08-25 08:41:00,login,LAPTOP-004,Port Lindachester,/company/normal,normal,35.72,97,1,21,6,0
U007,2026-08-25 09:04:00,login,LAPTOP-007,Barbaraland,/company/normal,normal,140.36,87,1,24,11,0
U014,2026-08-25 09:32:00,login,LAPTOP-014,Donaldside,/company/normal,normal,49.64,154,1,11,0,0
U016,2026-08-25 09:34:00,login,LAPTOP-016,East Courtneychester,/company/normal,normal,22.21,87,1,7,1,0
U001,2026-08-25 09:48:00,login,LAPTOP-001,East Jill,/company/normal,normal,86.19,102,1,20,3,0
U012,2026-08-25 09:57:00,login,LAPTOP-012,Richardland,/company/normal,normal,70.01,93,1,13,1,0
U017,2026-08-25 09:59:00,login,LAPTOP-017,Riceside,/company/normal,normal,51.48,86,1,12,0,0
U002,2026-08-25 10:12:00,login,LAPTOP-002,Johnsonland,/company/normal,normal,72.65,100,1,10,0,0
U003,2026-08-25 10:25:00,login,LAPTOP-003,Lake Debra,/company/normal,normal,42.35,79,1,10,2,0
U003,2026-08-26 07:06:00,login,LAPTOP-003,Lake Debra,/company/normal,normal,64.58,89,1,16,1,0
U008,2026-08-26 07:25:00,login,LAPTOP-008,Port Jesseville,/company/normal,normal,57.8,104,1,22,8,0
U018,2026-08-26 07:34:00,login,LAPTOP-018,Kaylamouth,/company/normal,normal,51.23,116,1,16,0,0
U009,2026-08-26 07:51:00,login,LAPTOP-009,West Michael,/company/normal,normal,82.76,52,1,21,2,0
U017,2026-08-26 08:03:00,login,LAPTOP-017,Riceside,/company/normal,normal,52.02,115,1,13,2,0
U004,2026-08-26 08:22:00,login,LAPTOP-004,Port Lindachester,/company/normal,normal,68.8,74,1,15,4,0
U002,2026-08-26 08:26:00,login,LAPTOP-002,Johnsonland,/company/normal,normal,65.74,108,1,12,1,0
U005,2026-08-26 08:29:00,login,LAPTOP-005,Curtisfurt,/company/normal,normal,20.44,103,1,6,0,0
U013,2026-08-26 08:29:00,login,LAPTOP-013,Jasonfort,/company/normal,normal,110.87,116,1,26,5,0
U011,2026-08-26 08:34:00,login,LAPTOP-011,Lake Mark,/company/normal,normal,80.49,103,1,20,4,0
U014,2026-08-26 08:59:00,login,LAPTOP-014,Donaldside,/company/normal,normal,25.09,110,1,23,3,0
U006,2026-08-26 09:03:00,login,LAPTOP-006,Lake Stephenville,/company/normal,normal,114.18,130,1,20,4,0
U012,2026-08-26 09:27:00,login,LAPTOP-012,Richardland,/company/normal,normal,37.03,57,1,16,6,0
U007,2026-08-26 09:41:00,login,LAPTOP-007,Barbaraland,/company/normal,normal,89.56,94,1,24,7,0
U001,2026-08-26 09:50:00,login,LAPTOP-001,East Jill,/company/normal,normal,34.93,134,1,20,4,0
U016,2026-08-26 10:54:00,login,LAPTOP-016,East Courtneychester,/company/normal,normal,26.67,78,1,12,0,0
U010,2026-08-26 11:15:00,login,LAPTOP-010,New Cynthiaside,/company/normal,normal,48.56,94,1,13,0,0
U003,2026-08-27 07:26:00,login,LAPTOP-003,Lake Debra,/company/normal,normal,31.89,114,1,17,4,0
U012,2026-08-27 07:31:00,login,LAPTOP-012,Richardland,/company/normal,normal,79.71,110,1,20,7,0
U008,2026-08-27 07:50:00,login,LAPTOP-008,Port Jesseville,/company/normal,normal,78.89,74,1,25,8,0
U005,2026-08-27 07:57:00,login,LAPTOP-005,Curtisfurt,/company/normal,normal,40.89,74,1,6,0,0
U014,2026-08-27 08:03:00,login,LAPTOP-014,Donaldside,/company/normal,normal,57.42,94,1,15,1,0
U004,2026-08-27 08:13:00,login,LAPTOP-004,Port Lindachester,/company/normal,normal,73.5,102,1,18,3,0
U009,2026-08-27 08:18:00,login,LAPTOP-009,West Michael,/company/normal,normal,66.28,70,1,22,6,0
U017,2026-08-27 09:03:00,login,LAPTOP-017,Riceside,/company/normal,normal,50.72,78,1,13,3,0
U013,2026-08-27 09:18:00,login,LAPTOP-013,Jasonfort,/company/normal,normal,75.99,93,1,22,4,0
U007,2026-08-27 09:24:00,login,LAPTOP-007,Barbaraland,/company/normal,normal,75.03,101,1,19,7,0
U018,2026-08-27 09:32:00,login,LAPTOP-018,Kaylamouth,/company/normal,normal,67.93,51,1,17,2,0
U015,2026-08-27 09:34:00,login,LAPTOP-015,Coxberg,/company/normal,normal,72.61,95,1,17,3,0
U011,2026-08-27 09:35:00,login,LAPTOP-011,Lake Mark,/company/normal,normal,59.72,116,1,18,5,0
U010,2026-08-27 09:46:00,login,LAPTOP-010,New Cynthiaside,/company/normal,normal,35.74,77,1,15,1,0
U001,2026-08-27 10:05:00,login,LAPTOP-001,East Jill,/company/normal,normal,55.65,78,1,17,5,0
U002,2026-08-27 10:54:00,login,LAPTOP-002,Johnsonland,/company/normal,normal,29.83,67,1,18,0,0
U006,2026-08-28 06:25:00,login,LAPTOP-006,Lake Stephenville,/company/normal,normal,62.45,126,1,24,6,0
U009,2026-08-28 07:39:00,login,LAPTOP-009,West Michael,/company/normal,normal,68.95,88,1,12,3,0
U010,2026-08-28 07:42:00,login,LAPTOP-010,New Cynthiaside,/company/normal,normal,43.31,42,1,16,3,0
U014,2026-08-28 08:16:00,login,LAPTOP-014,Donaldside,/company/normal,normal,70.99,113,1,17,1,0
U011,2026-08-28 08:33:00,login,LAPTOP-011,Lake Mark,/company/normal,normal,55.55,109,1,18,3,0
U008,2026-08-28 08:37:00,login,LAPTOP-008,Port Jesseville,/company/normal,normal,105.9,107,1,27,4,0
U017,2026-08-28 08:48:00,login,LAPTOP-017,Riceside,/company/normal,normal,82.13,61,1,16,1,0
U007,2026-08-28 08:56:00,login,LAPTOP-007,Barbaraland,/company/normal,normal,99.13,104,1,20,8,0
U018,2026-08-28 09:00:00,login,LAPTOP-018,Kaylamouth,/company/normal,normal,66.37,87,1,8,0,0
U012,2026-08-28 09:16:00,login,LAPTOP-012,Richardland,/company/normal,normal,69.92,61,1,12,7,0
U016,2026-08-28 09:29:00,login,LAPTOP-016,East Courtneychester,/company/normal,normal,17.26,76,1,8,0,0
U001,2026-08-28 09:33:00,login,LAPTOP-001,East Jill,/company/normal,normal,58.96,76,1,16,5,0
U013,2026-08-28 09:45:00,login,LAPTOP-013,Jasonfort,/company/normal,normal,122.76,64,1,20,2,0
U003,2026-08-28 10:11:00,login,LAPTOP-003,Lake Debra,/company/normal,normal,69.66,136,1,10,3,0
U002,2026-08-28 10:32:00,login,LAPTOP-002,Johnsonland,/company/normal,normal,34.68,107,1,14,2,0
U015,2026-08-28 11:42:00,login,LAPTOP-015,Coxberg,/company/normal,normal,88.59,116,1,26,5,0
U007,2026-08-29 06:28:00,login,LAPTOP-007,Barbaraland,/company/normal,normal,87.16,111,1,27,6,0
U006,2026-08-29 07:23:00,login,LAPTOP-006,Lake Stephenville,/company/normal,normal,37.15,96,1,21,4,0
U005,2026-08-29 08:04:00,login,LAPTOP-005,Curtisfurt,/company/normal,normal,26.56,117,1,19,4,0
U017,2026-08-29 08:13:00,login,LAPTOP-017,Riceside,/company/normal,normal,17.7,94,1,12,0,0
U018,2026-08-29 08:13:00,login,LAPTOP-018,Kaylamouth,/company/normal,normal,50.89,118,1,16,1,0
U016,2026-08-29 08:17:00,login,LAPTOP-016,East Courtneychester,/company/normal,normal,15.41,48,1,7,0,0
U001,2026-08-29 08:36:00,login,LAPTOP-001,East Jill,/company/normal,normal,103.05,50,1,16,8,0
U004,2026-08-29 08:59:00,login,LAPTOP-004,Port Lindachester,/company/normal,normal,23.08,95,1,15,3,0
U010,2026-08-29 09:00:00,login,LAPTOP-010,New Cynthiaside,/company/normal,normal,52.09,101,1,5,2,0
U014,2026-08-29 09:07:00,login,LAPTOP-014,Donaldside,/company/normal,normal,33.66,130,1,17,1,0
U011,2026-08-29 09:35:00,login,LAPTOP-011,Lake Mark,/company/normal,normal,9.18,66,1,18,3,0
U012,2026-08-29 09:42:00,login,LAPTOP-012,Richardland,/company/normal,normal,92.53,85,1,31,9,0
U008,2026-08-29 09:45:00,login,LAPTOP-008,Port Jesseville,/company/normal,normal,90.19,76,1,26,6,0
U015,2026-08-29 09:47:00,login,LAPTOP-015,Coxberg,/company/normal,normal,61.9,47,1,21,5,0
U009,2026-08-29 09:51:00,login,LAPTOP-009,West Michael,/company/normal,normal,71.09,85,1,7,2,0
U003,2026-08-29 10:32:00,login,LAPTOP-003,Lake Debra,/company/normal,normal,70.7,98,1,18,2,0
U013,2026-08-29 10:56:00,login,LAPTOP-013,Jasonfort,/company/normal,normal,91.9,114,1,29,4,0
U002,2026-08-29 11:04:00,login,LAPTOP-002,Johnsonland,/company/normal,normal,25.51,75,1,15,3,0
U006,2026-08-30 07:00:00,login,LAPTOP-006,Lake Stephenville,/company/normal,normal,82.63,91,1,38,14,0
U008,2026-08-30 07:16:00,login,LAPTOP-008,Port Jesseville,/company/normal,normal,124.09,75,1,23,9,0
U017,2026-08-30 07:19:00,login,LAPTOP-017,Riceside,/company/normal,normal,66.37,105,1,14,1,0
U016,2026-08-30 07:27:00,login,LAPTOP-016,East Courtneychester,/company/normal,normal,27.81,94,1,10,1,0
U001,2026-08-30 07:54:00,login,LAPTOP-001,East Jill,/company/normal,normal,35.45,106,1,19,5,0
U013,2026-08-30 07:57:00,login,LAPTOP-013,Jasonfort,/company/normal,normal,87.26,76,1,19,4,0
U014,2026-08-30 08:02:00,login,LAPTOP-014,Donaldside,/company/normal,normal,46.95,75,1,11,0,0
U004,2026-08-30 08:05:00,login,LAPTOP-004,Port Lindachester,/company/normal,normal,57.33,50,1,15,5,0
U011,2026-08-30 08:07:00,login,LAPTOP-011,Lake Mark,/company/normal,normal,41.23,100,1,19,9,0
U007,2026-08-30 08:08:00,login,LAPTOP-007,Barbaraland,/company/normal,normal,116.3,118,1,21,7,0
U010,2026-08-30 08:27:00,login,LAPTOP-010,New Cynthiaside,/company/normal,normal,68.37,130,1,11,0,0
U009,2026-08-30 08:28:00,login,LAPTOP-009,West Michael,/company/normal,normal,75.86,103,1,20,5,0
U015,2026-08-30 08:37:00,login,LAPTOP-015,Coxberg,/company/normal,normal,104.75,92,1,12,1,0
U003,2026-08-30 08:58:00,login,LAPTOP-003,Lake Debra,/company/normal,normal,45.79,114,1,15,1,0
U018,2026-08-30 08:59:00,login,LAPTOP-018,Kaylamouth,/company/normal,normal,28.89,147,1,22,4,0
U002,2026-08-30 09:31:00,login,LAPTOP-002,Johnsonland,/company/normal,normal,46.21,99,1,24,1,0
U005,2026-08-30 09:53:00,login,LAPTOP-005,Curtisfurt,/company/normal,normal,28.38,94,1,7,2,0
U017,2026-08-31 06:50:00,login,LAPTOP-017,Riceside,/company/normal,normal,26.01,79,1,19,2,0
U006,2026-08-31 07:26:00,login,LAPTOP-006,Lake Stephenville,/company/normal,normal,116.1,67,1,22,6,0
U003,2026-08-31 07:43:00,login,LAPTOP-003,Lake Debra,/company/normal,normal,36.65,44,1,13,3,0
U016,2026-08-31 08:15:00,login,LAPTOP-016,East Courtneychester,/company/normal,normal,24.77,68,1,8,0,0
U011,2026-08-31 08:26:00,login,LAPTOP-011,Lake Mark,/company/normal,normal,61.37,80,1,12,1,0
U014,2026-08-31 08:26:00,login,LAPTOP-014,Donaldside,/company/normal,normal,64.84,103,1,11,1,0
U005,2026-08-31 08:35:00,login,LAPTOP-005,Curtisfurt,/company/normal,normal,45.57,112,1,16,5,0
U007,2026-08-31 08:47:00,login,LAPTOP-007,Barbaraland,/company/normal,normal,105.11,89,1,30,12,0
U010,2026-08-31 08:51:00,login,LAPTOP-010,New Cynthiaside,/company/normal,normal,46.8,127,1,11,1,0
U008,2026-08-31 08:59:00,login,LAPTOP-008,Port Jesseville,/company/normal,normal,68.05,82,1,29,9,0
U004,2026-08-31 09:06:00,login,LAPTOP-004,Port Lindachester,/company/normal,normal,69.87,110,0,17,4,1
U009,2026-08-31 09:10:00,login,LAPTOP-009,West Michael,/company/normal,normal,71.13,66,1,17,4,0
U013,2026-08-31 09:21:00,login,LAPTOP-013,Jasonfort,/company/normal,normal,18.71,113,1,21,4,0
U001,2026-08-31 09:55:00,login,LAPTOP-001,East Jill,/company/normal,normal,84.87,113,1,21,7,0
U015,2026-08-31 10:55:00,login,LAPTOP-015,Coxberg,/company/normal,normal,66.89,99,1,20,2,0
U018,2026-08-31 11:24:00,login,LAPTOP-018,Kaylamouth,/company/normal,normal,40.91,60,1,17,0,0
U007,2026-09-01 06:21:00,login,LAPTOP-007,Barbaraland,/company/normal,normal,85.49,81,1,24,11,0
U002,2026-09-01 07:12:00,login,LAPTOP-002,Johnsonland,/company/normal,normal,35.43,78,1,13,2,0
U013,2026-09-01 07:16:00,login,LAPTOP-013,Jasonfort,/company/normal,normal,86.26,54,1,13,3,0
U014,2026-09-01 07:16:00,login,LAPTOP-014,Donaldside,/company/normal,normal,56.67,53,1,13,1,0
U008,2026-09-01 08:04:00,login,LAPTOP-008,Port Jesseville,/company/normal,normal,124.47,110,1,22,9,0
U009,2026-09-01 08:17:00,login,LAPTOP-009,West Michael,/company/normal,normal,76.85,90,1,22,4,0
U017,2026-09-01 08:20:00,login,LAPTOP-017,Riceside,/company/normal,normal,88.37,136,1,17,2,0
U016,2026-09-01 08:22:00,login,LAPTOP-016,East Courtneychester,/company/normal,normal,33.75,75,1,11,1,0
U003,2026-09-01 08:29:00,login,LAPTOP-003,Lake Debra,/company/normal,normal,59.11,122,1,17,1,0
U006,2026-09-01 08:42:00,login,LAPTOP-006,Lake Stephenville,/company/normal,normal,132.18,75,1,18,8,0
U004,2026-09-01 08:52:00,login,LAPTOP-004,Port Lindachester,/company/normal,normal,64.73,75,0,19,5,1
U005,2026-09-01 09:14:00,login,LAPTOP-005,Curtisfurt,/company/normal,normal,57.47,134,1,13,6,0
U010,2026-09-01 09:32:00,login,LAPTOP-010,New Cynthiaside,/company/normal,normal,40.23,102,1,19,2,0
U011,2026-09-01 09:53:00,login,LAPTOP-011,Lake Mark,/company/normal,normal,108.04,105,1,19,4,0
U001,2026-09-01 09:54:00,login,LAPTOP-001,East Jill,/company/normal,normal,74.98,78,1,18,2,0
U012,2026-09-01 10:01:00,login,LAPTOP-012,Richardland,/company/normal,normal,84.14,110,0,13,0,1
U018,2026-09-01 10:32:00,login,LAPTOP-018,Kaylamouth,/company/normal,normal,49.89,122,1,17,1,0
U008,2026-09-02 07:04:00,login,LAPTOP-008,Port Jesseville,/company/normal,normal,153.17,98,1,24,9,0
U007,2026-09-02 07:12:00,login,LAPTOP-007,Barbaraland,/company/normal,normal,66.66,88,1,20,6,0
U014,2026-09-02 07:25:00,login,LAPTOP-014,Donaldside,/company/normal,normal,67.47,105,1,9,0,0
U004,2026-09-02 07:33:00,login,LAPTOP-004,Port Lindachester,/company/normal,normal,108.94,118,1,20,3,0
U013,2026-09-02 07:42:00,login,LAPTOP-013,Jasonfort,/company/normal,normal,48.0,150,0,16,1,1
U018,2026-09-02 07:57:00,login,LAPTOP-018,Kaylamouth,/company/normal,normal,51.42,112,1,20,2,0
U009,2026-09-02 07:58:00,login,LAPTOP-009,West Michael,/company/normal,normal,49.5,67,1,21,9,0
U011,2026-09-02 08:07:00,login,LAPTOP-011,Lake Mark,/company/normal,normal,32.98,64,1,25,6,0
U010,2026-09-02 08:20:00,login,LAPTOP-010,New Cynthiaside,/company/normal,normal,55.51,76,1,12,1,0
U016,2026-09-02 08:26:00,login,LAPTOP-016,East Courtneychester,/company/normal,normal,25.65,85,1,10,0,0
U005,2026-09-02 08:34:00,login,LAPTOP-005,Curtisfurt,/company/normal,normal,23.07,60,1,11,1,0
U015,2026-09-02 08:35:00,login,LAPTOP-015,Coxberg,/company/normal,normal,72.91,93,1,20,5,0
U006,2026-09-02 08:47:00,login,LAPTOP-006,Lake Stephenville,/company/normal,normal,46.95,115,1,22,5,0
U001,2026-09-02 08:57:00,login,LAPTOP-001,East Jill,/company/normal,normal,60.48,20,1,22,7,0
U002,2026-09-02 09:16:00,login,LAPTOP-002,Johnsonland,/company/normal,normal,57.2,55,1,13,0,0
U012,2026-09-02 09:19:00,login,LAPTOP-012,Richardland,/company/normal,normal,80.83,112,0,26,6,1
U017,2026-09-02 10:24:00,login,LAPTOP-017,Riceside,/company/normal,normal,42.76,66,1,19,1,0
U002,2026-09-03 07:35:00,login,LAPTOP-002,Johnsonland,/company/normal,normal,53.01,78,1,19,2,0
U015,2026-09-03 08:14:00,login,LAPTOP-015,Coxberg,/company/normal,normal,106.57,86,1,21,3,0
U004,2026-09-03 08:27:00,login,LAPTOP-004,Port Lindachester,/company/normal,normal,80.15,66,1,14,6,0
U006,2026-09-03 08:29:00,login,LAPTOP-006,Lake Stephenville,/company/normal,normal,98.65,85,1,27,6,0
U008,2026-09-03 08:30:00,login,LAPTOP-008,Port Jesseville,/company/normal,normal,109.13,122,1,26,7,0
U001,2026-09-03 08:36:00,login,LAPTOP-001,East Jill,/company/normal,normal,61.05,118,1,18,5,0
U010,2026-09-03 08:42:00,login,LAPTOP-010,New Cynthiaside,/company/normal,normal,43.84,120,1,13,2,0
U007,2026-09-03 08:43:00,login,LAPTOP-007,Barbaraland,/company/normal,normal,105.83,81,1,25,10,0
U009,2026-09-03 08:50:00,login,LAPTOP-009,West Michael,/company/normal,normal,49.01,77,1,16,6,0
U013,2026-09-03 08:52:00,login,LAPTOP-013,Jasonfort,/company/normal,normal,55.99,73,1,22,3,0
U018,2026-09-03 09:30:00,login,LAPTOP-018,Kaylamouth,/company/normal,normal,59.89,80,1,18,3,0
U005,2026-09-03 09:38:00,login,LAPTOP-005,Curtisfurt,/company/normal,normal,40.29,125,0,11,4,1
U016,2026-09-03 10:09:00,login,LAPTOP-016,East Courtneychester,/company/normal,normal,24.52,94,1,6,0,0
U014,2026-09-03 10:15:00,login,LAPTOP-014,Donaldside,/company/normal,normal,30.25,100,1,18,2,0
U003,2026-09-03 10:19:00,login,LAPTOP-003,Lake Debra,/company/normal,normal,40.35,115,1,15,2,0
U011,2026-09-03 10:32:00,login,LAPTOP-011,Lake Mark,/company/normal,normal,51.02,98,1,23,10,0
U012,2026-09-03 10:39:00,login,LAPTOP-012,Richardland,/company/normal,normal,46.45,104,1,10,4,0
U011,2026-09-04 06:44:00,login,LAPTOP-011,Lake Mark,/company/normal,normal,65.7,90,1,19,3,0
U007,2026-09-04 07:00:00,login,LAPTOP-007,Barbaraland,/company/normal,normal,136.65,133,1,32,10,0
U012,2026-09-04 08:03:00,login,LAPTOP-012,Richardland,/company/normal,normal,54.2,99,1,22,5,0
U006,2026-09-04 08:09:00,login,LAPTOP-006,Lake Stephenville,/company/normal,normal,130.03,126,1,25,6,0
U010,2026-09-04 08:14:00,login,LAPTOP-010,New Cynthiaside,/company/normal,normal,49.44,84,1,10,3,0
U015,2026-09-04 08:29:00,login,LAPTOP-015,Coxberg,/company/normal,normal,83.48,74,1,21,5,0
U003,2026-09-04 08:40:00,login,LAPTOP-003,Lake Debra,/company/normal,normal,56.42,112,1,12,2,0
U004,2026-09-04 08:45:00,login,LAPTOP-004,Port Lindachester,/company/normal,normal,66.45,71,1,22,6,0
U008,2026-09-04 08:55:00,login,LAPTOP-008,Port Jesseville,/company/normal,normal,51.94,100,1,17,5,0
U013,2026-09-04 08:58:00,login,LAPTOP-013,Jasonfort,/company/normal,normal,82.49,35,1,13,0,0
U009,2026-09-04 09:06:00,login,LAPTOP-009,West Michael,/company/normal,normal,67.78,85,1,21,6,0
U005,2026-09-04 09:31:00,login,LAPTOP-005,Curtisfurt,/company/normal,normal,43.18,106,1,11,1,0
U016,2026-09-04 09:35:00,login,LAPTOP-016,East Courtneychester,/company/normal,normal,18.32,94,1,6,0,0
U018,2026-09-04 09:39:00,login,LAPTOP-018,Kaylamouth,/company/normal,normal,59.55,61,1,10,0,0
U017,2026-09-04 09:48:00,login,LAPTOP-017,Riceside,/company/normal,normal,60.62,95,1,13,0,0
U001,2026-09-04 09:49:00,login,LAPTOP-001,East Jill,/company/normal,normal,108.6,42,1,11,0,0
U014,2026-09-04 10:29:00,login,LAPTOP-014,Donaldside,/company/normal,normal,49.09,110,1,12,1,0
U010,2026-09-05 07:04:00,login,LAPTOP-010,New Cynthiaside,/company/normal,normal,27.71,133,1,13,0,0
U013,2026-09-05 07:05:00,login,LAPTOP-013,Jasonfort,/company/normal,normal,50.49,102,1,26,4,0
U007,2026-09-05 07:17:00,login,LAPTOP-007,Barbaraland,/company/normal,normal,99.21,97,1,27,6,0
U012,2026-09-05 07:20:00,login,LAPTOP-012,Richardland,/company/normal,normal,51.83,141,1,16,2,0
U008,2026-09-05 07:33:00,login,LAPTOP-008,Port Jesseville,/company/normal,normal,65.6,87,1,38,7,0
U004,2026-09-05 07:47:00,login,LAPTOP-004,Port Lindachester,/company/normal,normal,55.44,115,1,19,5,0
U002,2026-09-05 07:53:00,login,LAPTOP-002,Johnsonland,/company/normal,normal,60.99,73,1,18,3,0
U014,2026-09-05 08:14:00,login,LAPTOP-014,Donaldside,/company/normal,normal,41.48,96,1,15,4,0
U006,2026-09-05 08:15:00,login,LAPTOP-006,Lake Stephenville,/company/normal,normal,95.16,47,1,27,5,0
U009,2026-09-05 08:15:00,login,LAPTOP-009,West Michael,/company/normal,normal,84.64,81,1,17,7,0
U016,2026-09-05 09:04:00,login,LAPTOP-016,East Courtneychester,/company/normal,normal,16.21,88,1,11,1,0
U015,2026-09-05 09:09:00,login,LAPTOP-015,Coxberg,/company/normal,normal,86.46,81,1,26,5,0
U017,2026-09-05 09:21:00,login,LAPTOP-017,Riceside,/company/normal,normal,47.04,86,1,18,4,0
U001,2026-09-05 09:57:00,login,LAPTOP-001,East Jill,/company/normal,normal,58.48,92,1,17,4,0
U018,2026-09-05 10:26:00,login,LAPTOP-018,Kaylamouth,/company/normal,normal,46.93,104,1,21,4,0
U003,2026-09-05 10:28:00,login,LAPTOP-003,Lake Debra,/company/normal,normal,70.89,83,1,12,2,0
U005,2026-09-05 10:28:00,login,LAPTOP-005,Curtisfurt,/company/normal,normal,36.3,109,1,6,0,0
U011,2026-09-05 11:15:00,login,LAPTOP-011,Lake Mark,/company/normal,normal,53.46,74,1,23,5,0
U002,2026-09-06 06:24:00,login,LAPTOP-002,Johnsonland,/company/normal,normal,66.86,113,1,22,2,0
U013,2026-09-06 06:31:00,login,LAPTOP-013,Jasonfort,/company/normal,normal,60.26,118,1,14,0,0
U015,2026-09-06 07:24:00,login,LAPTOP-015,Coxberg,/company/normal,normal,68.57,111,1,13,1,0
U010,2026-09-06 07:26:00,login,LAPTOP-010,New Cynthiaside,/company/normal,normal,48.01,14,1,16,2,0
U006,2026-09-06 07:30:00,login,LAPTOP-006,Lake Stephenville,/company/normal,normal,43.19,95,1,18,9,0
U014,2026-09-06 08:27:00,login,LAPTOP-014,Donaldside,/company/normal,normal,50.23,110,1,12,0,0
U003,2026-09-06 08:37:00,login,LAPTOP-003,Lake Debra,/company/normal,normal,38.79,113,1,13,1,0
U005,2026-09-06 08:48:00,login,LAPTOP-005,Curtisfurt,/company/normal,normal,42.54,73,1,10,2,0
U009,2026-09-06 08:57:00,login,LAPTOP-009,West Michael,/company/normal,normal,87.42,85,1,15,6,0
U004,2026-09-06 09:01:00,login,LAPTOP-004,Port Lindachester,/company/normal,normal,94.97,107,1,13,4,0
U018,2026-09-06 09:29:00,login,LAPTOP-018,Kaylamouth,/company/normal,normal,48.13,76,1,15,1,0
U012,2026-09-06 09:38:00,login,LAPTOP-012,Richardland,/company/normal,normal,98.76,89,1,18,6,0
U016,2026-09-06 09:43:00,login,LAPTOP-016,East Courtneychester,/company/normal,normal,32.09,114,0,9,0,1
U011,2026-09-06 09:47:00,login,LAPTOP-011,Lake Mark,/company/normal,normal,86.95,65,1,20,6,0
U008,2026-09-06 09:48:00,login,LAPTOP-008,Port Jesseville,/company/normal,normal,100.09,49,1,28,5,0
U017,2026-09-06 10:46:00,login,LAPTOP-017,Riceside,/company/normal,normal,59.24,120,1,17,0,0
U001,2026-09-07 07:39:00,login,LAPTOP-001,East Jill,/company/normal,normal,83.07,61,1,17,6,0
U017,2026-09-07 07:41:00,login,LAPTOP-017,Riceside,/company/normal,normal,46.0,91,1,20,5,0
U012,2026-09-07 07:53:00,login,LAPTOP-012,Richardland,/company/normal,normal,70.44,95,0,18,8,1
U013,2026-09-07 08:01:00,login,LAPTOP-013,Jasonfort,/company/normal,normal,64.4,122,1,16,1,0
U004,2026-09-07 08:05:00,login,LAPTOP-004,Port Lindachester,/company/normal,normal,40.34,108,1,9,2,0
U005,2026-09-07 08:08:00,login,LAPTOP-005,Curtisfurt,/company/normal,normal,37.26,65,1,9,0,0
U006,2026-09-07 08:11:00,login,LAPTOP-006,Lake Stephenville,/company/normal,normal,27.7,90,1,26,8,0
U008,2026-09-07 08:13:00,login,LAPTOP-008,Port Jesseville,/company/normal,normal,113.15,90,1,22,8,0
U009,2026-09-07 08:21:00,login,LAPTOP-009,West Michael,/company/normal,normal,74.04,92,1,15,3,0
U015,2026-09-07 08:22:00,login,LAPTOP-015,Coxberg,/company/normal,normal,35.94,69,1,26,1,0
U003,2026-09-07 08:36:00,login,LAPTOP-003,Lake Debra,/company/normal,normal,36.49,105,1,13,1,0
U002,2026-09-07 08:58:00,login,LAPTOP-002,Johnsonland,/company/normal,normal,55.48,99,1,17,1,0
U014,2026-09-07 09:03:00,login,LAPTOP-014,Donaldside,/company/normal,normal,37.84,58,1,17,2,0
U011,2026-09-07 09:53:00,login,LAPTOP-011,Lake Mark,/company/normal,normal,84.22,87,1,17,3,0
U010,2026-09-07 10:24:00,login,LAPTOP-010,New Cynthiaside,/company/normal,normal,52.47,91,1,13,1,0
U016,2026-09-07 13:04:00,login,LAPTOP-016,East Courtneychester,/company/normal,normal,20.77,87,1,8,0,0
U006,2026-09-08 06:13:00,login,LAPTOP-006,Lake Stephenville,/company/normal,normal,118.14,86,1,22,8,0
U014,2026-09-08 06:24:00,login,LAPTOP-014,Donaldside,/company/normal,normal,52.98,66,1,13,2,0
U013,2026-09-08 06:36:00,login,LAPTOP-013,Jasonfort,/company/normal,normal,71.21,101,1,21,2,0
U008,2026-09-08 07:10:00,login,LAPTOP-008,Port Jesseville,/company/normal,normal,139.64,92,1,23,10,0
U007,2026-09-08 07:16:00,login,LAPTOP-007,Barbaraland,/company/normal,normal,77.26,50,1,25,5,0
U017,2026-09-08 07:40:00,login,LAPTOP-017,Riceside,/company/normal,normal,67.91,65,1,20,1,0
U012,2026-09-08 08:01:00,login,LAPTOP-012,Richardland,/company/normal,normal,42.06,80,1,24,8,0
U011,2026-09-08 08:19:00,login,LAPTOP-011,Lake Mark,/company/normal,normal,81.53,155,1,27,6,0
U016,2026-09-08 08:37:00,login,LAPTOP-016,East Courtneychester,/company/normal,normal,16.86,106,1,2,1,0
U018,2026-09-08 08:44:00,login,LAPTOP-018,Kaylamouth,/company/normal,normal,32.97,92,1,14,2,0
U005,2026-09-08 09:07:00,login,LAPTOP-005,Curtisfurt,/company/normal,normal,39.92,129,1,12,3,0
U004,2026-09-08 09:08:00,login,LAPTOP-004,Port Lindachester,/company/normal,normal,70.4,65,1,21,5,0
U015,2026-09-08 09:45:00,login,LAPTOP-015,Coxberg,/company/normal,normal,96.57,26,1,20,3,0
U009,2026-09-08 09:47:00,login,LAPTOP-009,West Michael,/company/normal,normal,98.95,58,1,22,6,0
U010,2026-09-08 09:49:00,login,LAPTOP-010,New Cynthiaside,/company/normal,normal,35.69,95,1,11,0,0
U002,2026-09-08 09:53:00,login,LAPTOP-002,Johnsonland,/company/normal,normal,52.44,91,1,14,0,0
U014,2026-09-09 07:17:00,login,LAPTOP-014,Donaldside,/company/normal,normal,51.16,112,1,27,2,0
U006,2026-09-09 07:32:00,login,LAPTOP-006,Lake Stephenville,/company/normal,normal,113.64,102,1,21,8,0
U013,2026-09-09 07:33:00,login,LAPTOP-013,Jasonfort,/company/normal,normal,88.25,88,1,13,1,0
U008,2026-09-09 07:52:00,login,LAPTOP-008,Port Jesseville,/company/normal,normal,91.6,107,1,31,8,0
U007,2026-09-09 08:00:00,login,LAPTOP-007,Barbaraland,/company/normal,normal,114.76,76,1,25,10,0
U004,2026-09-09 08:22:00,login,LAPTOP-004,Port Lindachester,/company/normal,normal,84.21,100,1,22,5,0
U009,2026-09-09 08:27:00,login,LAPTOP-009,West Michael,/company/normal,normal,95.45,96,1,22,6,0
U012,2026-09-09 08:27:00,login,LAPTOP-012,Richardland,/company/normal,normal,66.57,81,1,20,6,0
U003,2026-09-09 08:36:00,login,LAPTOP-003,Lake Debra,/company/normal,normal,53.45,102,1,17,1,0
U001,2026-09-09 08:54:00,login,LAPTOP-001,East Jill,/company/normal,normal,83.66,52,1,13,3,0
U010,2026-09-09 09:40:00,login,LAPTOP-010,New Cynthiaside,/company/normal,normal,40.4,51,1,12,1,0
U005,2026-09-09 09:42:00,login,LAPTOP-005,Curtisfurt,/company/normal,normal,48.35,111,1,10,1,0
U002,2026-09-09 09:51:00,login,LAPTOP-002,Johnsonland,/company/normal,normal,62.05,105,1,9,1,0
U018,2026-09-09 10:17:00,login,LAPTOP-018,Kaylamouth,/company/normal,normal,54.07,84,1,23,1,0
U011,2026-09-09 10:29:00,login,LAPTOP-011,Lake Mark,/company/normal,normal,58.75,47,1,17,6,0
U017,2026-09-09 10:52:00,login,LAPTOP-017,Riceside,/company/normal,normal,26.38,113,1,12,2,0
U015,2026-09-09 10:58:00,login,LAPTOP-015,Coxberg,/company/normal,normal,78.0,53,1,18,2,0
U016,2026-09-09 11:30:00,login,LAPTOP-016,East Courtneychester,/company/normal,normal,15.36,127,1,6,0,0
U015,2026-09-10 06:35:00,login,LAPTOP-015,Coxberg,/company/normal,normal,46.38,90,1,13,2,0
U006,2026-09-10 07:01:00,login,LAPTOP-006,Lake Stephenville,/company/normal,normal,107.18,54,1,36,13,0
U014,2026-09-10 07:46:00,login,LAPTOP-014,Donaldside,/company/normal,normal,30.16,61,1,13,3,0
U012,2026-09-10 08:00:00,login,LAPTOP-012,Richardland,/company/normal,normal,64.13,93,1,10,3,0
U007,2026-09-10 08:20:00,login,LAPTOP-007,Barbaraland,/company/normal,normal,94.45,74,1,29,9,0
U003,2026-09-10 08:28:00,login,LAPTOP-003,Lake Debra,/company/normal,normal,75.16,77,1,21,1,0
U018,2026-09-10 08:50:00,login,LAPTOP-018,Kaylamouth,/company/normal,normal,45.37,86,1,15,1,0
U010,2026-09-10 08:56:00,login,LAPTOP-010,New Cynthiaside,/company/normal,normal,62.89,72,1,14,1,0
U002,2026-09-10 09:05:00,login,LAPTOP-002,Johnsonland,/company/normal,normal,49.07,68,1,14,0,0
U013,2026-09-10 09:12:00,login,LAPTOP-013,Jasonfort,/company/normal,normal,82.39,48,1,13,1,0
U008,2026-09-10 09:13:00,login,LAPTOP-008,Port Jesseville,/company/normal,normal,170.92,117,1,21,9,0
U001,2026-09-10 09:15:00,login,LAPTOP-001,East Jill,/company/normal,normal,70.92,83,1,21,5,0
U009,2026-09-10 09:16:00,login,LAPTOP-009,West Michael,/company/normal,normal,36.08,39,1,20,6,0
U005,2026-09-10 09:42:00,login,LAPTOP-005,Curtisfurt,/company/normal,normal,60.46,82,1,7,1,0
U011,2026-09-10 09:56:00,login,LAPTOP-011,Lake Mark,/company/normal,normal,106.73,64,1,26,8,0
U004,2026-09-10 10:29:00,login,LAPTOP-004,Port Lindachester,/company/normal,normal,99.01,98,1,20,6,0
U017,2026-09-10 10:45:00,login,LAPTOP-017,Riceside,/company/normal,normal,45.78,100,1,8,0,0
U016,2026-09-10 11:44:00,login,LAPTOP-016,East Courtneychester,/company/normal,normal,28.62,92,1,9,0,0
U017,2026-09-11 07:06:00,login,LAPTOP-017,Riceside,/company/normal,normal,63.35,69,1,23,2,0
U008,2026-09-11 07:17:00,login,LAPTOP-008,Port Jesseville,/company/normal,normal,91.73,113,1,24,6,0
U007,2026-09-11 07:22:00,login,LAPTOP-007,Barbaraland,/company/normal,normal,136.71,98,1,22,6,0
U015,2026-09-11 07:37:00,login,LAPTOP-015,Coxberg,/company/normal,normal,89.55,74,1,20,2,0
U006,2026-09-11 07:47:00,login,LAPTOP-006,Lake Stephenville,/company/normal,normal,137.33,93,1,27,6,0
U010,2026-09-11 08:12:00,login,LAPTOP-010,New Cynthiaside,/company/normal,normal,76.43,82,1,13,1,0
U009,2026-09-11 08:14:00,login,LAPTOP-009,West Michael,/company/normal,normal,74.44,63,1,16,4,0
U018,2026-09-11 08:18:00,login,LAPTOP-018,Kaylamouth,/company/normal,normal,65.67,103,1,11,0,0
U003,2026-09-11 08:19:00,login,LAPTOP-003,Lake Debra,/company/normal,normal,58.02,103,1,15,3,0
U002,2026-09-11 08:25:00,login,LAPTOP-002,Johnsonland,/company/normal,normal,70.13,31,1,16,1,0
U014,2026-09-11 08:30:00,login,LAPTOP-014,Donaldside,/company/normal,normal,61.76,97,1,21,2,0
U016,2026-09-11 08:33:00,login,LAPTOP-016,East Courtneychester,/company/normal,normal,33.31,104,1,7,1,0
U013,2026-09-11 09:12:00,login,LAPTOP-013,Jasonfort,/company/normal,normal,59.33,93,1,22,2,0
U005,2026-09-11 09:33:00,login,LAPTOP-005,Curtisfurt,/company/normal,normal,37.18,88,1,7,1,0
U011,2026-09-11 09:47:00,login,LAPTOP-011,Lake Mark,/company/normal,normal,46.11,96,1,18,6,0
U012,2026-09-11 10:48:00,login,LAPTOP-012,Richardland,/company/normal,normal,85.77,105,1,22,7,0
U004,2026-09-11 11:23:00,login,LAPTOP-004,Port Lindachester,/company/normal,normal,79.1,69,1,19,4,0
U006,2026-09-12 07:08:00,login,LAPTOP-006,Lake Stephenville,/company/normal,normal,136.44,75,1,21,6,0
U001,2026-09-12 08:11:00,login,LAPTOP-001,East Jill,/company/normal,normal,82.22,78,1,11,2,0
U011,2026-09-12 08:11:00,login,LAPTOP-011,Lake Mark,/company/normal,normal,93.49,103,1,16,3,0
U012,2026-09-12 08:16:00,login,LAPTOP-012,Richardland,/company/normal,normal,72.59,103,1,17,5,0
U003,2026-09-12 08:17:00,login,LAPTOP-003,Lake Debra,/company/normal,normal,60.98,119,1,12,0,0
U013,2026-09-12 08:30:00,login,LAPTOP-013,Jasonfort,/company/normal,normal,48.52,111,1,20,4,0
U018,2026-09-12 08:36:00,login,LAPTOP-018,Kaylamouth,/company/normal,normal,59.44,69,1,20,1,0
U002,2026-09-12 08:45:00,login,LAPTOP-002,Johnsonland,/company/normal,normal,31.47,119,1,12,0,0
U008,2026-09-12 08:55:00,login,LAPTOP-008,Port Jesseville,/company/normal,normal,129.0,98,1,31,10,0
U015,2026-09-12 09:04:00,login,LAPTOP-015,Coxberg,/company/normal,normal,56.47,166,1,21,5,0
U010,2026-09-12 09:30:00,login,LAPTOP-010,New Cynthiaside,/company/normal,normal,50.36,56,1,18,2,0
U007,2026-09-12 09:48:00,login,LAPTOP-007,Barbaraland,/company/normal,normal,60.63,123,1,21,8,0
U014,2026-09-12 10:04:00,login,LAPTOP-014,Donaldside,/company/normal,normal,75.28,113,1,11,1,0
U016,2026-09-12 10:43:00,login,LAPTOP-016,East Courtneychester,/company/normal,normal,16.37,94,1,6,0,0
U006,2026-09-13 06:28:00,login,LAPTOP-006,Lake Stephenville,/company/normal,normal,110.49,64,1,19,6,0
U007,2026-09-13 07:19:00,login,LAPTOP-007,Barbaraland,/company/normal,normal,99.26,87,1,24,9,0
U003,2026-09-13 07:26:00,login,LAPTOP-003,Lake Debra,/company/normal,normal,43.06,77,1,19,1,0
U008,2026-09-13 07:27:00,login,LAPTOP-008,Port Jesseville,/company/normal,normal,114.46,99,1,28,9,0
U002,2026-09-13 08:07:00,login,LAPTOP-002,Johnsonland,/company/normal,normal,47.35,51,1,23,2,0
U014,2026-09-13 08:10:00,login,LAPTOP-014,Donaldside,/company/normal,normal,39.27,62,1,11,0,0
U012,2026-09-13 08:13:00,login,LAPTOP-012,Richardland,/company/normal,normal,77.24,145,1,13,3,0
U013,2026-09-13 08:16:00,login,LAPTOP-013,Jasonfort,/company/normal,normal,85.2,62,1,21,4,0
U004,2026-09-13 08:50:00,login,LAPTOP-004,Port Lindachester,/company/normal,normal,82.5,76,1,16,1,0
U001,2026-09-13 09:05:00,login,LAPTOP-001,East Jill,/company/normal,normal,71.57,77,0,17,2,1
U015,2026-09-13 09:35:00,login,LAPTOP-015,Coxberg,/company/normal,normal,108.31,94,1,24,1,0
U018,2026-09-13 09:38:00,login,LAPTOP-018,Kaylamouth,/company/normal,normal,35.33,69,1,11,2,0
U005,2026-09-13 09:49:00,login,LAPTOP-005,Curtisfurt,/company/normal,normal,35.44,104,1,6,1,0
U011,2026-09-13 10:06:00,login,LAPTOP-011,Lake Mark,/company/normal,normal,34.22,66,1,23,8,0
U009,2026-09-13 10:39:00,login,LAPTOP-009,West Michael,/company/normal,normal,72.87,88,1,16,4,0
U003,2026-09-14 06:55:00,login,LAPTOP-003,Lake Debra,/company/normal,normal,42.11,124,1,10,1,0
U008,2026-09-14 07:27:00,login,LAPTOP-008,Port Jesseville,/company/normal,normal,95.01,85,0,25,6,1
U014,2026-09-14 07:52:00,login,LAPTOP-014,Donaldside,/company/normal,normal,47.2,49,1,26,2,0
U001,2026-09-14 08:02:00,login,LAPTOP-001,East Jill,/company/normal,normal,26.17,75,1,20,3,0
U009,2026-09-14 08:14:00,login,LAPTOP-009,West Michael,/company/normal,normal,88.25,78,1,15,4,0
U013,2026-09-14 08:19:00,login,LAPTOP-013,Jasonfort,/company/normal,normal,52.29,98,1,28,2,0
U006,2026-09-14 08:40:00,login,LAPTOP-006,Lake Stephenville,/company/normal,normal,73.2,78,1,22,6,0
U004,2026-09-14 08:43:00,login,LAPTOP-004,Port Lindachester,/company/normal,normal,46.69,102,1,18,7,0
U017,2026-09-14 08:44:00,login,LAPTOP-017,Riceside,/company/normal,normal,22.24,112,1,13,1,0
U018,2026-09-14 09:17:00,login,LAPTOP-018,Kaylamouth,/company/normal,normal,53.96,121,1,18,4,0
U002,2026-09-14 09:45:00,login,LAPTOP-002,Johnsonland,/company/normal,normal,49.59,34,1,11,2,0
U007,2026-09-14 09:51:00,login,LAPTOP-007,Barbaraland,/company/normal,normal,120.57,136,1,18,4,0
U010,2026-09-14 09:58:00,login,LAPTOP-010,New Cynthiaside,/company/normal,normal,58.0,111,0,12,3,1
U011,2026-09-14 10:09:00,login,LAPTOP-011,Lake Mark,/company/normal,normal,35.57,80,1,15,1,0
U015,2026-09-14 10:18:00,login,LAPTOP-015,Coxberg,/company/normal,normal,99.58,66,1,21,5,0
U005,2026-09-14 12:16:00,login,LAPTOP-005,Curtisfurt,/company/normal,normal,39.45,79,1,9,1,0
U016,2026-09-14 12:29:00,login,LAPTOP-016,East Courtneychester,/company/normal,normal,27.64,75,1,9,1,0
U006,2026-09-15 06:43:00,login,LAPTOP-006,Lake Stephenville,/company/normal,normal,119.6,87,1,26,10,0
U008,2026-09-15 07:01:00,login,LAPTOP-008,Port Jesseville,/company/normal,normal,60.96,94,1,23,6,0
U017,2026-09-15 07:30:00,login,LAPTOP-017,Riceside,/company/normal,normal,52.15,127,1,16,0,0
U005,2026-09-15 08:01:00,login,LAPTOP-005,Curtisfurt,/company/normal,normal,35.04,137,1,19,3,0
U018,2026-09-15 08:21:00,login,LAPTOP-018,Kaylamouth,/company/normal,normal,70.2,78,1,17,4,0
U013,2026-09-15 08:28:00,login,LAPTOP-013,Jasonfort,/company/normal,normal,73.07,76,1,18,3,0
U001,2026-09-15 08:31:00,login,LAPTOP-001,East Jill,/company/normal,normal,88.05,86,1,16,6,0
U010,2026-09-15 08:36:00,login,LAPTOP-010,New Cynthiaside,/company/normal,normal,39.4,75,1,9,2,0
U014,2026-09-15 09:11:00,login,LAPTOP-014,Donaldside,/company/normal,normal,48.6,76,1,11,2,0
U004,2026-09-15 09:20:00,login,LAPTOP-004,Port Lindachester,/company/normal,normal,113.7,98,1,12,3,0
U015,2026-09-15 09:27:00,login,LAPTOP-015,Coxberg,/company/normal,normal,104.44,95,1,16,3,0
U012,2026-09-15 09:30:00,login,LAPTOP-012,Richardland,/company/normal,normal,78.94,119,1,19,7,0
U007,2026-09-15 09:36:00,login,LAPTOP-007,Barbaraland,/company/normal,normal,54.42,19,1,23,6,0
U002,2026-09-15 09:38:00,login,LAPTOP-002,Johnsonland,/company/normal,normal,72.75,105,1,15,4,0
U009,2026-09-15 09:43:00,login,LAPTOP-009,West Michael,/company/normal,normal,71.24,101,1,17,5,0
U016,2026-09-15 11:31:00,login,LAPTOP-016,East Courtneychester,/company/normal,normal,29.91,78,1,12,2,0
U010,2026-09-16 07:00:00,login,LAPTOP-010,New Cynthiaside,/company/normal,normal,25.53,105,1,15,2,0
U017,2026-09-16 07:08:00,login,LAPTOP-017,Riceside,/company/normal,normal,21.8,113,1,13,2,0
U007,2026-09-16 07:16:00,login,LAPTOP-007,Barbaraland,/company/normal,normal,92.75,109,1,21,5,0
U002,2026-09-16 07:21:00,login,LAPTOP-002,Johnsonland,/company/normal,normal,45.08,81,1,13,1,0
U005,2026-09-16 07:35:00,login,LAPTOP-005,Curtisfurt,/company/normal,normal,55.82,98,1,8,2,0
U015,2026-09-16 07:48:00,login,LAPTOP-015,Coxberg,/company/normal,normal,73.27,44,1,22,5,0
U008,2026-09-16 07:49:00,login,LAPTOP-008,Port Jesseville,/company/normal,normal,81.92,40,1,21,8,0
U012,2026-09-16 08:03:00,login,LAPTOP-012,Richardland,/company/normal,normal,61.26,103,1,21,6,0
U013,2026-09-16 08:23:00,login,LAPTOP-013,Jasonfort,/company/normal,normal,98.27,61,1,17,2,0
U009,2026-09-16 08:32:00,login,LAPTOP-009,West Michael,/company/normal,normal,69.77,73,1,11,4,0
U004,2026-09-16 09:25:00,login,LAPTOP-004,Port Lindachester,/company/normal,normal,57.53,87,1,32,6,0
U018,2026-09-16 09:28:00,login,LAPTOP-018,Kaylamouth,/company/normal,normal,59.95,71,1,18,3,0
U003,2026-09-16 09:31:00,login,LAPTOP-003,Lake Debra,/company/normal,normal,53.77,61,1,8,0,0
U014,2026-09-16 09:31:00,login,LAPTOP-014,Donaldside,/company/normal,normal,57.83,125,1,14,2,0
U011,2026-09-16 09:34:00,login,LAPTOP-011,Lake Mark,/company/normal,normal,105.66,68,1,13,3,0
U001,2026-09-16 10:06:00,login,LAPTOP-001,East Jill,/company/normal,normal,92.48,101,1,20,8,0
U013,2026-09-17 06:30:00,login,LAPTOP-013,Jasonfort,/company/normal,normal,101.03,82,1,21,2,0
U007,2026-09-17 06:58:00,login,LAPTOP-007,Barbaraland,/company/normal,normal,131.76,65,1,33,7,0
U005,2026-09-17 07:35:00,login,LAPTOP-005,Curtisfurt,/company/normal,normal,62.94,95,1,10,1,0
U010,2026-09-17 07:45:00,login,LAPTOP-010,New Cynthiaside,/company/normal,normal,38.6,97,1,13,0,0
U017,2026-09-17 08:08:00,login,LAPTOP-017,Riceside,/company/normal,normal,35.27,119,1,16,0,0
U009,2026-09-17 08:09:00,login,LAPTOP-009,West Michael,/company/normal,normal,55.04,119,1,20,5,0
U006,2026-09-17 08:14:00,login,LAPTOP-006,Lake Stephenville,/company/normal,normal,76.81,90,1,32,10,0
U014,2026-09-17 08:35:00,login,LAPTOP-014,Donaldside,/company/normal,normal,41.57,115,1,14,3,0
U012,2026-09-17 08:53:00,login,LAPTOP-012,Richardland,/company/normal,normal,82.78,159,1,18,8,0
U008,2026-09-17 09:07:00,login,LAPTOP-008,Port Jesseville,/company/normal,normal,96.53,96,1,30,10,0
U004,2026-09-17 09:19:00,login,LAPTOP-004,Port Lindachester,/company/normal,normal,65.61,103,1,21,5,0
U001,2026-09-17 09:31:00,login,LAPTOP-001,East Jill,/company/normal,normal,79.48,130,1,16,4,0
U002,2026-09-17 09:40:00,login,LAPTOP-002,Johnsonland,/company/normal,normal,60.93,64,1,14,2,0
U011,2026-09-17 09:45:00,login,LAPTOP-011,Lake Mark,/company/normal,normal,85.14,57,1,12,4,0
U003,2026-09-17 10:15:00,login,LAPTOP-003,Lake Debra,/company/normal,normal,60.43,116,1,11,0,0
U016,2026-09-17 10:32:00,login,LAPTOP-016,East Courtneychester,/company/normal,normal,32.84,98,1,9,0,0
U015,2026-09-17 11:12:00,login,LAPTOP-015,Coxberg,/company/normal,normal,57.31,67,1,22,1,0
U018,2026-09-17 11:17:00,login,LAPTOP-018,Kaylamouth,/company/normal,normal,62.54,95,1,17,1,0
U007,2026-09-18 07:09:00,login,LAPTOP-007,Barbaraland,/company/normal,normal,105.33,45,1,19,6,0
U003,2026-09-18 07:17:00,login,LAPTOP-003,Lake Debra,/company/normal,normal,68.45,33,1,17,2,0
U004,2026-09-18 07:18:00,login,LAPTOP-004,Port Lindachester,/company/normal,normal,68.15,98,1,15,4,0
U015,2026-09-18 07:20:00,login,LAPTOP-015,Coxberg,/company/normal,normal,67.23,98,1,19,4,0
U006,2026-09-18 07:42:00,login,LAPTOP-006,Lake Stephenville,/company/normal,normal,147.5,62,1,18,5,0
U018,2026-09-18 08:42:00,login,LAPTOP-018,Kaylamouth,/company/normal,normal,47.03,94,1,15,1,0
U002,2026-09-18 08:59:00,login,LAPTOP-002,Johnsonland,/company/normal,normal,44.39,86,1,13,0,0
U011,2026-09-18 09:20:00,login,LAPTOP-011,Lake Mark,/company/normal,normal,101.27,117,1,23,6,0
U017,2026-09-18 09:24:00,login,LAPTOP-017,Riceside,/company/normal,normal,32.88,77,1,8,0,0
U008,2026-09-18 09:30:00,login,LAPTOP-008,Port Jesseville,/company/normal,normal,74.79,106,1,18,3,0
U012,2026-09-18 09:44:00,login,LAPTOP-012,Richardland,/company/normal,normal,67.87,77,1,31,9,0
U014,2026-09-18 09:49:00,login,LAPTOP-014,Donaldside,/company/normal,normal,51.97,75,1,14,1,0
U005,2026-09-18 09:53:00,login,LAPTOP-005,Curtisfurt,/company/normal,normal,14.46,38,1,6,4,0
U010,2026-09-18 10:24:00,login,LAPTOP-010,New Cynthiaside,/company/normal,normal,46.67,61,1,14,0,0
U013,2026-09-18 10:24:00,login,LAPTOP-013,Jasonfort,/company/normal,normal,83.03,75,1,22,5,0
U001,2026-09-18 10:54:00,login,LAPTOP-001,East Jill,/company/normal,normal,82.06,104,1,16,4,0
U009,2026-09-18 11:35:00,login,LAPTOP-009,West Michael,/company/normal,normal,95.0,94,1,24,5,0
U016,2026-09-18 11:45:00,login,LAPTOP-016,East Courtneychester,/company/normal,normal,35.5,103,1,13,0,0
U007,2026-09-19 02:16:00,file_download,UNKNOWN-DEVICE-01,Unknown-City,/files/restricted/bulk_export,restricted,80.0,54,1,5,1,1
U014,2026-09-19 02:39:00,file_download,UNKNOWN-DEVICE-01,Unknown-City,/files/restricted/bulk_export,restricted,80.0,55,1,5,1,1
U004,2026-09-19 02:52:00,file_download,UNKNOWN-DEVICE-01,Unknown-City,/files/restricted/bulk_export,restricted,80.0,60,1,5,1,1
U013,2026-09-19 06:44:00,login,LAPTOP-013,Jasonfort,/company/normal,normal,108.91,74,1,16,0,0
U012,2026-09-19 07:16:00,login,LAPTOP-012,Richardland,/company/normal,normal,47.92,154,1,19,3,0
U016,2026-09-19 07:34:00,login,LAPTOP-016,East Courtneychester,/company/normal,normal,24.76,35,1,6,0,0
U005,2026-09-19 08:06:00,login,LAPTOP-005,Curtisfurt,/company/normal,normal,20.83,105,1,7,0,0
U009,2026-09-19 08:55:00,login,LAPTOP-009,West Michael,/company/normal,normal,78.91,93,1,17,4,0
U007,2026-09-19 08:58:00,login,LAPTOP-007,Barbaraland,/company/normal,normal,101.54,75,1,21,6,0
U014,2026-09-19 09:05:00,login,LAPTOP-014,Donaldside,/company/normal,normal,33.84,83,1,16,2,0
U003,2026-09-19 09:08:00,login,LAPTOP-003,Lake Debra,/company/normal,normal,18.42,62,1,8,1,0
U010,2026-09-19 09:09:00,login,LAPTOP-010,New Cynthiaside,/company/normal,normal,70.52,60,1,17,0,0
U006,2026-09-19 09:28:00,login,LAPTOP-006,Lake Stephenville,/company/normal,normal,73.08,57,1,25,4,0
U002,2026-09-19 09:31:00,login,LAPTOP-002,Johnsonland,/company/normal,normal,25.44,92,1,23,1,0
U008,2026-09-19 09:46:00,login,LAPTOP-008,Port Jesseville,/company/normal,normal,110.19,97,1,24,9,0
U017,2026-09-19 10:20:00,login,LAPTOP-017,Riceside,/company/normal,normal,53.44,116,1,21,0,0
U004,2026-09-19 10:37:00,login,LAPTOP-004,Port Lindachester,/company/normal,normal,72.32,102,1,17,3,0
U001,2026-09-19 10:41:00,login,LAPTOP-001,East Jill,/company/normal,normal,109.84,142,1,24,10,0
U018,2026-09-19 10:56:00,login,LAPTOP-018,Kaylamouth,/company/normal,normal,55.88,58,1,14,3,0
U015,2026-09-19 12:54:00,login,LAPTOP-015,Coxberg,/company/normal,normal,35.66,92,1,17,3,0
U007,2026-09-20 03:07:00,file_download,UNKNOWN-DEVICE-01,Unknown-City,/files/restricted/bulk_export,restricted,250.0,49,1,12,4,2
U014,2026-09-20 03:20:00,file_download,UNKNOWN-DEVICE-01,Unknown-City,/files/restricted/bulk_export,restricted,250.0,59,1,12,4,2
U004,2026-09-20 03:23:00,file_download,UNKNOWN-DEVICE-01,Unknown-City,/files/restricted/bulk_export,restricted,250.0,26,1,12,4,2
U005,2026-09-20 08:14:00,login,LAPTOP-005,Curtisfurt,/company/normal,normal,51.99,65,1,11,3,0
U014,2026-09-20 08:15:00,login,LAPTOP-014,Donaldside,/company/normal,normal,60.76,93,1,18,2,0
U002,2026-09-20 08:39:00,login,LAPTOP-002,Johnsonland,/company/normal,normal,53.0,72,1,9,1,0
U007,2026-09-20 08:48:00,login,LAPTOP-007,Barbaraland,/company/normal,normal,134.52,70,1,28,10,0
U010,2026-09-20 08:57:00,login,LAPTOP-010,New Cynthiaside,/company/normal,normal,58.95,74,1,12,0,0
U004,2026-09-20 08:58:00,login,LAPTOP-004,Port Lindachester,/company/normal,normal,92.44,105,1,22,6,0
U009,2026-09-20 09:10:00,login,LAPTOP-009,West Michael,/company/normal,normal,104.07,137,1,14,3,0
U016,2026-09-20 09:11:00,login,LAPTOP-016,East Courtneychester,/company/normal,normal,27.55,84,1,12,0,0
U013,2026-09-20 09:23:00,login,LAPTOP-013,Jasonfort,/company/normal,normal,60.54,62,1,11,0,0
U006,2026-09-20 09:27:00,login,LAPTOP-006,Lake Stephenville,/company/normal,normal,75.28,72,1,14,6,0
U015,2026-09-20 09:36:00,login,LAPTOP-015,Coxberg,/company/normal,normal,71.36,71,1,20,3,0
U001,2026-09-20 09:55:00,login,LAPTOP-001,East Jill,/company/normal,normal,114.62,123,1,14,3,0
U008,2026-09-20 09:55:00,login,LAPTOP-008,Port Jesseville,/company/normal,normal,70.43,82,1,22,8,0
U012,2026-09-20 10:03:00,login,LAPTOP-012,Richardland,/company/normal,normal,55.45,86,1,24,4,0
U017,2026-09-20 10:05:00,login,LAPTOP-017,Riceside,/company/normal,normal,29.83,95,1,14,2,0
U018,2026-09-20 11:24:00,login,LAPTOP-018,Kaylamouth,/company/normal,normal,53.97,75,1,14,2,0
U014,2026-09-21 01:14:00,file_download,UNKNOWN-DEVICE-02,Foreign-City,/files/restricted/bulk_export,restricted,900.0,24,1,34,20,4
U007,2026-09-21 01:23:00,file_download,UNKNOWN-DEVICE-02,Foreign-City,/files/restricted/bulk_export,restricted,900.0,36,1,34,20,4
U004,2026-09-21 01:43:00,file_download,UNKNOWN-DEVICE-02,Foreign-City,/files/restricted/bulk_export,restricted,900.0,34,1,34,20,4
U010,2026-09-21 06:19:00,login,LAPTOP-010,New Cynthiaside,/company/normal,normal,52.68,87,1,13,2,0
U008,2026-09-21 07:04:00,login,LAPTOP-008,Port Jesseville,/company/normal,normal,95.22,101,1,20,4,0
U006,2026-09-21 07:29:00,login,LAPTOP-006,Lake Stephenville,/company/normal,normal,117.48,48,1,30,8,0
U007,2026-09-21 07:43:00,login,LAPTOP-007,Barbaraland,/company/normal,normal,99.92,90,1,25,8,0
U014,2026-09-21 07:54:00,login,LAPTOP-014,Donaldside,/company/normal,normal,57.07,89,1,14,3,0
U013,2026-09-21 08:12:00,login,LAPTOP-013,Jasonfort,/company/normal,normal,54.47,70,1,16,2,0
U011,2026-09-21 08:27:00,login,LAPTOP-011,Lake Mark,/company/normal,normal,93.91,90,1,16,5,0
U003,2026-09-21 08:29:00,login,LAPTOP-003,Lake Debra,/company/normal,normal,49.09,95,1,10,1,0
U017,2026-09-21 08:44:00,login,LAPTOP-017,Riceside,/company/normal,normal,47.53,95,1,20,2,0
U018,2026-09-21 08:53:00,login,LAPTOP-018,Kaylamouth,/company/normal,normal,28.06,67,1,14,0,0
U005,2026-09-21 09:00:00,login,LAPTOP-005,Curtisfurt,/company/normal,normal,21.36,133,1,7,2,0
U001,2026-09-21 09:15:00,login,LAPTOP-001,East Jill,/company/normal,normal,77.59,105,1,20,4,0
U009,2026-09-21 09:22:00,login,LAPTOP-009,West Michael,/company/normal,normal,67.48,108,1,12,4,0
U004,2026-09-21 09:29:00,login,LAPTOP-004,Port Lindachester,/company/normal,normal,25.22,61,0,17,4,1
U012,2026-09-21 09:29:00,login,LAPTOP-012,Richardland,/company/normal,normal,69.53,97,1,21,5,0
U002,2026-09-21 09:37:00,login,LAPTOP-002,Johnsonland,/company/normal,normal,46.66,114,1,17,1,0
U015,2026-09-21 10:15:00,login,LAPTOP-015,Coxberg,/company/normal,normal,57.91,77,1,11,1,0
U016,2026-09-21 10:22:00,login,LAPTOP-016,East Courtneychester,/company/normal,normal,18.36,104,1,6,1,0
U008,2026-09-22 06:38:00,login,LAPTOP-008,Port Jesseville,/company/normal,normal,95.5,54,1,28,11,0
U016,2026-09-22 07:28:00,login,LAPTOP-016,East Courtneychester,/company/normal,normal,34.94,54,1,11,1,0
U011,2026-09-22 07:48:00,login,LAPTOP-011,Lake Mark,/company/normal,normal,69.05,93,1,14,4,0
U007,2026-09-22 07:49:00,login,LAPTOP-007,Barbaraland,/company/normal,normal,135.45,114,1,18,4,0
U004,2026-09-22 08:03:00,login,LAPTOP-004,Port Lindachester,/company/normal,normal,61.6,96,0,17,2,1
U009,2026-09-22 08:14:00,login,LAPTOP-009,West Michael,/company/normal,normal,86.82,80,1,20,6,0
U010,2026-09-22 08:39:00,login,LAPTOP-010,New Cynthiaside,/company/normal,normal,43.22,70,1,12,0,0
U003,2026-09-22 08:49:00,login,LAPTOP-003,Lake Debra,/company/normal,normal,38.87,80,1,14,1,0
U006,2026-09-22 08:57:00,login,LAPTOP-006,Lake Stephenville,/company/normal,normal,70.9,80,1,22,7,0
U014,2026-09-22 08:57:00,login,LAPTOP-014,Donaldside,/company/normal,normal,49.04,103,1,22,2,0
U013,2026-09-22 09:08:00,login,LAPTOP-013,Jasonfort,/company/normal,normal,76.74,51,1,23,5,0
U018,2026-09-22 09:08:00,login,LAPTOP-018,Kaylamouth,/company/normal,normal,74.32,52,0,11,2,1
U001,2026-09-22 09:17:00,login,LAPTOP-001,East Jill,/company/normal,normal,49.13,100,1,18,6,0
U012,2026-09-22 09:42:00,login,LAPTOP-012,Richardland,/company/normal,normal,46.96,53,1,14,6,0
U015,2026-09-22 10:02:00,login,LAPTOP-015,Coxberg,/company/normal,normal,73.93,70,1,21,5,0
U005,2026-09-22 10:47:00,login,LAPTOP-005,Curtisfurt,/company/normal,normal,33.21,119,1,8,1,0
U004,2026-09-22 23:30:00,file_download,UNKNOWN-DEVICE-02,Foreign-City,/files/restricted/bulk_export,restricted,2100.0,21,1,40,28,1
U007,2026-09-22 23:37:00,file_download,UNKNOWN-DEVICE-02,Foreign-City,/files/restricted/bulk_export,restricted,2100.0,44,1,40,28,1
U014,2026-09-22 23:40:00,file_download,UNKNOWN-DEVICE-02,Foreign-City,/files/restricted/bulk_export,restricted,2100.0,49,1,40,28,1
U018,2026-09-23 07:00:00,login,LAPTOP-018,Kaylamouth,/company/normal,normal,33.17,129,1,9,0,0
U007,2026-09-23 07:16:00,login,LAPTOP-007,Barbaraland,/company/normal,normal,97.21,84,1,27,6,0
U002,2026-09-23 07:26:00,login,LAPTOP-002,Johnsonland,/company/normal,normal,47.8,114,1,11,0,0
U004,2026-09-23 07:56:00,login,LAPTOP-004,Port Lindachester,/company/normal,normal,88.15,81,1,20,7,0
U017,2026-09-23 08:05:00,login,LAPTOP-017,Riceside,/company/normal,normal,82.55,54,1,12,0,0
U012,2026-09-23 08:09:00,login,LAPTOP-012,Richardland,/company/normal,normal,52.65,40,1,20,4,0
U006,2026-09-23 08:17:00,login,LAPTOP-006,Lake Stephenville,/company/normal,normal,95.67,102,1,31,9,0
U001,2026-09-23 08:18:00,login,LAPTOP-001,East Jill,/company/normal,normal,108.97,95,1,17,7,0
U008,2026-09-23 08:30:00,login,LAPTOP-008,Port Jesseville,/company/normal,normal,126.41,91,1,24,8,0
U005,2026-09-23 08:33:00,login,LAPTOP-005,Curtisfurt,/company/normal,normal,35.05,112,1,11,2,0
U003,2026-09-23 09:08:00,login,LAPTOP-003,Lake Debra,/company/normal,normal,63.31,109,0,10,1,1
U009,2026-09-23 09:18:00,login,LAPTOP-009,West Michael,/company/normal,normal,112.32,122,1,12,3,0
U015,2026-09-23 09:25:00,login,LAPTOP-015,Coxberg,/company/normal,normal,68.28,105,1,16,2,0
U014,2026-09-23 09:46:00,login,LAPTOP-014,Donaldside,/company/normal,normal,45.95,90,1,18,0,0
U013,2026-09-23 10:14:00,login,LAPTOP-013,Jasonfort,/company/normal,normal,30.13,81,1,28,3,0
U010,2026-09-23 10:21:00,login,LAPTOP-010,New Cynthiaside,/company/normal,normal,27.56,124,1,16,2,0
U011,2026-09-23 10:29:00,login,LAPTOP-011,Lake Mark,/company/normal,normal,81.62,76,1,18,5,0
U016,2026-09-23 12:51:00,login,LAPTOP-016,East Courtneychester,/company/normal,normal,25.22,88,1,3,0,0
