user_id,feature_name,mean,std
U001,login_hour_avg,9.106172839506174,0.9383922893095639
U001,login_hour_dev,0.7518904320987654,0.5451307682629594
U001,num_sessions,1.0,0.001
U001,unknown_device_flag,0.0,0.001
U001,unknown_location_flag,0.0,0.001
U001,files_accessed,17.25925925925926,3.6752037368182062
U001,sensitive_files_accessed,4.444444444444445,2.006400016357911
U001,data_volume_mb,73.4274074074074,20.16027388256278
U001,avg_session_duration,84.85185185185185,26.449812713752674
U001,failed_logins,0.037037037037037035,0.19245008972987526
U002,login_hour_avg,9.007051282051282,1.223148697028589
U002,login_hour_dev,1.0072994210090986,0.6645370803162169
U002,num_sessions,1.0,0.001
U002,unknown_device_flag,0.0,0.001
U002,unknown_location_flag,0.0,0.001
U002,files_accessed,15.0,3.9899874686520005
U002,sensitive_files_accessed,1.3076923076923077,1.0495420246652638
U002,data_volume_mb,52.12884615384616,13.917941895818672
U002,avg_session_duration,82.84615384615384,27.92947161360889
U002,failed_logins,0.038461538461538464,0.19611613513818402
U003,login_hour_avg,8.723076923076922,1.1492613755807288
U003,login_hour_dev,0.9239867659222496,0.658433045253689
U003,num_sessions,1.0,0.001
U003,unknown_device_flag,0.0,0.001
U003,unknown_location_flag,0.0,0.001
U003,files_accessed,14.576923076923077,3.3606318087297447
U003,sensitive_files_accessed,1.5769230769230769,1.2384854273854637
U003,data_volume_mb,51.10076923076924,12.616771036387059
U003,avg_session_duration,99.11538461538461,22.67038054039133
U003,failed_logins,0.0,0.001
U004,login_hour_avg,8.660119047619048,1.0029005186574285
U004,login_hour_dev,0.7454725829725827,0.6562005874771493
U004,num_sessions,1.0,0.001
U004,unknown_device_flag,0.0,0.001
U004,unknown_location_flag,0.0,0.001
U004,files_accessed,17.892857142857142,4.314826168888484
U004,sensitive_files_accessed,4.5,1.6666666666666667
U004,data_volume_mb,71.43428571428572,22.855330106688776
U004,avg_session_duration,86.53571428571429,19.272859717569727
U004,failed_logins,0.07142857142857142,0.262265264156481
U005,login_hour_avg,9.022435897435898,1.0397215685802332
U005,login_hour_dev,0.8121794871794872,0.6286611154387507
U005,num_sessions,1.0,0.001
U005,unknown_device_flag,0.0,0.001
U005,unknown_location_flag,0.0,0.001
U005,files_accessed,10.038461538461538,3.778685160007584
U005,sensitive_files_accessed,1.8846153846153846,1.6328361357325007
U005,data_volume_mb,40.09269230769231,12.681133563744941
U005,avg_session_duration,92.6923076923077,26.55977293693488
U005,failed_logins,0.038461538461538464,0.19611613513818402
U006,login_hour_avg,7.745833333333332,0.7786057101330889
U006,login_hour_dev,0.6355158730158729,0.45857510591829936
U006,num_sessions,1.0,0.001
U006,unknown_device_flag,0.0,0.001
U006,unknown_location_flag,0.0,0.001
U006,files_accessed,25.142857142857142,5.602342669477063
U006,sensitive_files_accessed,7.392857142857143,2.643500565177779
U006,data_volume_mb,102.44107142857142,36.81459124367882
U006,avg_session_duration,92.21428571428571,24.422753724158532
U006,failed_logins,0.0,0.001
U007,login_hour_avg,8.133333333333335,1.068449513145061
U007,login_hour_dev,0.9214285714285714,0.5132452632433034
U007,num_sessions,1.0,0.001
U007,unknown_device_flag,0.0,0.001
U007,unknown_location_flag,0.0,0.001
U007,files_accessed,23.928571428571427,4.0178174601214955
U007,sensitive_files_accessed,7.392857142857143,2.346617513915243
U007,data_volume_mb,102.43249999999999,25.26907634727563
U007,avg_session_duration,90.39285714285714,28.0480266496914
U007,failed_logins,0.03571428571428571,0.18898223650461365
U008,login_hour_avg,8.05111111111111,0.9529238463594083
U008,login_hour_dev,0.830793650793651,0.4430380535780024
U008,num_sessions,1.0,0.001
U008,unknown_device_flag,0.0,0.001
U008,unknown_location_flag,0.0,0.001
U008,files_accessed,24.4,5.455778335066346
U008,sensitive_files_accessed,7.0,2.348880878058814
U008,data_volume_mb,99.70166666666668,29.035260737454273
U008,avg_session_duration,91.63333333333334,19.421785374327378
U008,failed_logins,0.03333333333333333,0.18257418583505536
U009,login_hour_avg,8.713218390804597,0.9199441333790808
U009,login_hour_dev,0.7011832319134553,0.5821337015816553
U009,num_sessions,1.0,0.001
U009,unknown_device_flag,0.0,0.001
U009,unknown_location_flag,0.0,0.001
U009,files_accessed,18.0,4.140393356054125
U009,sensitive_files_accessed,5.103448275862069,2.350453263069045
U009,data_volume_mb,72.50344827586207,15.76668532876069
U009,avg_session_duration,85.65517241379311,21.4513999910578
U009,failed_logins,0.0,0.001
U010,login_hour_avg,8.895833333333332,1.1455821834746953
U010,login_hour_dev,0.9337121212121211,0.6397856557505963
U010,num_sessions,1.0,0.001
U010,unknown_device_flag,0.0,0.001
U010,unknown_location_flag,0.0,0.001
U010,files_accessed,13.285714285714286,3.113377859033769
U010,sensitive_files_accessed,1.2142857142857142,1.0665674557036406
U010,data_volume_mb,47.097857142857144,11.491944797904976
U010,avg_session_duration,84.92857142857143,27.649832323419748
U010,failed_logins,0.03571428571428571,0.18898223650461365
U011,login_hour_avg,9.225925925925926,1.0196502388989124
U011,login_hour_dev,0.8525270061728394,0.533881735992785
U011,num_sessions,1.0,0.001
U011,unknown_device_flag,0.0,0.001
U011,unknown_location_flag,0.0,0.001
U011,files_accessed,19.14814814814815,4.073400617738525
U011,sensitive_files_accessed,4.888888888888889,2.391223268109592
U011,data_volume_mb,68.91481481481482,26.23300480902905
U011,avg_session_duration,94.55555555555556,28.953986484305286
U011,failed_logins,0.037037037037037035,0.19245008972987523
U012,login_hour_avg,9.050617283950617,0.9634615463596392
U012,login_hour_dev,0.8101658950617284,0.49700429637549537
U012,num_sessions,1.0,0.001
U012,unknown_device_flag,0.0,0.001
U012,unknown_location_flag,0.0,0.001
U012,files_accessed,19.0,5.54006387077872
U012,sensitive_files_accessed,5.407407407407407,2.3738845033673472
U012,data_volume_mb,70.14444444444445,14.942167830913272
U012,avg_session_duration,97.5925925925926,27.54473181412828
U012,failed_logins,0.14814814814814814,0.3620139928982457
U013,login_hour_avg,8.536206896551725,1.3134912656243185
U013,login_hour_dev,1.0210953346855987,0.803919588228143
U013,num_sessions,1.0,0.001
U013,unknown_device_flag,0.0,0.001
U013,unknown_location_flag,0.0,0.001
U013,files_accessed,19.448275862068964,4.492741820318569
U013,sensitive_files_accessed,2.7241379310344827,1.6881213506680381
U013,data_volume_mb,75.10379310344828,22.77079276080798
U013,avg_session_duration,90.55172413793103,29.01549611463373
U013,failed_logins,0.034482758620689655,0.18569533817705192
U014,login_hour_avg,8.500555555555556,1.0977465888972298
U014,login_hour_dev,0.8787460317460315,0.6373855264911944
U014,num_sessions,1.0,0.001
U014,unknown_device_flag,0.0,0.001
U014,unknown_location_flag,0.0,0.001
U014,files_accessed,15.166666666666666,4.631848765720416
U014,sensitive_files_accessed,1.5,1.137147065368355
U014,data_volume_mb,51.11566666666666,13.15747058894112
U014,avg_session_duration,94.63333333333334,25.425324509960177
U014,failed_logins,0.03333333333333333,0.18257418583505533
U015,login_hour_avg,9.094642857142857,1.2967358003994587
U015,login_hour_dev,1.063582251082251,0.7426375105561038
U015,num_sessions,1.0,0.001
U015,unknown_device_flag,0.0,0.001
U015,unknown_location_flag,0.0,0.001
U015,files_accessed,20.678571428571427,4.578966173377045
U015,sensitive_files_accessed,3.4642857142857144,1.7529265023814669
U015,data_volume_mb,78.70821428571428,22.531837894751146
U015,avg_session_duration,81.25,27.278569800676323
U015,failed_logins,0.0,0.001
U016,login_hour_avg,10.183333333333335,1.5568980775669368
U016,login_hour_dev,1.266994598765432,0.8770518352000014
U016,num_sessions,1.0,0.001
U016,unknown_device_flag,0.0,0.001
U016,unknown_location_flag,0.0,0.001
U016,files_accessed,8.407407407407407,2.692714661955895
U016,sensitive_files_accessed,0.3333333333333333,0.5547001962252291
U016,data_volume_mb,25.347037037037037,7.342000783068298
U016,avg_session_duration,88.62962962962963,18.537172940520907
U016,failed_logins,0.037037037037037035,0.19245008972987526
U017,login_hour_avg,8.742307692307692,1.2024256111823928
U017,login_hour_dev,0.9866418527708849,0.665331036197951
U017,num_sessions,1.0,0.001
U017,unknown_device_flag,0.0,0.001
U017,unknown_location_flag,0.0,0.001
U017,files_accessed,15.076923076923077,3.509109025642571
U017,sensitive_files_accessed,1.3076923076923077,1.2575923272422036
U017,data_volume_mb,50.4773076923077,18.12413386789941
U017,avg_session_duration,92.73076923076923,21.48963972207574
U017,failed_logins,0.0,0.001
U018,login_hour_avg,9.072988505747126,1.1392476439772028
U018,login_hour_dev,0.8786680189317108,0.7083676028644396
U018,num_sessions,1.0,0.001
U018,unknown_device_flag,0.0,0.001
U018,unknown_location_flag,0.0,0.001
U018,files_accessed,15.379310344827585,4.152570573094698
U018,sensitive_files_accessed,1.5517241379310345,1.3252009792737025
U018,data_volume_mb,52.69,12.037182869283471
U018,avg_session_duration,90.06896551724138,24.38080485382296
U018,failed_logins,0.0,0.001
