user_id,date,login_hour_avg,login_hour_dev,num_sessions,unknown_device_flag,unknown_location_flag,files_accessed,sensitive_files_accessed,data_volume_mb,avg_session_duration,failed_logins,anomaly_flag,anomaly_score,risk_score,risk_level
U001,2026-08-20,9.233333333333333,0.0677083333333321,1,0,0,21,3,67.1,96.0,0,1,-0.1455149236646236,0,LOW
U001,2026-08-21,8.916666666666666,0.2489583333333342,1,0,0,13,7,76.33,109.0,0,1,-0.1228569565046659,0,LOW
U001,2026-08-22,9.816666666666666,0.6510416666666661,1,0,0,16,3,79.28,70.0,0,1,-0.1492161113284456,0,LOW
U001,2026-08-23,6.666666666666667,2.4989583333333334,1,0,0,25,6,102.97,89.0,0,1,-0.0380935317462114,10,LOW
U001,2026-08-24,8.2,0.9656250000000012,1,0,0,9,3,74.49,71.0,0,1,-0.1294287987285375,0,LOW
U001,2026-08-25,9.8,0.6343750000000004,1,0,0,20,3,86.19,102.0,0,1,-0.1472759654142474,0,LOW
U001,2026-08-26,9.833333333333334,0.6677083333333336,1,0,0,20,4,34.93,134.0,0,1,-0.1197259424741977,0,LOW
U001,2026-08-27,10.083333333333334,0.9177083333333336,1,0,0,17,5,55.65,78.0,0,1,-0.1464740573444735,0,LOW
U001,2026-08-28,9.55,0.3843750000000003,1,0,0,16,5,58.96,76.0,0,1,-0.149360273532867,0,LOW
U001,2026-08-29,8.6,0.5656250000000007,1,0,0,16,8,103.05,50.0,0,1,-0.0961798533816869,0,LOW
U001,2026-08-30,7.9,1.265625,1,0,0,19,5,35.45,106.0,0,1,-0.1312450361604156,0,LOW
U001,2026-08-31,9.916666666666666,0.7510416666666657,1,0,0,21,7,84.87,113.0,0,1,-0.1299553070152555,0,LOW
U001,2026-09-01,9.9,0.734375,1,0,0,18,2,74.98,78.0,0,1,-0.1528085168883649,0,LOW
U001,2026-09-02,8.95,0.215625000000001,1,0,0,22,7,60.48,20.0,0,1,-0.0689756928793221,0,LOW
U001,2026-09-03,8.6,0.5656250000000007,1,0,0,18,5,61.05,118.0,0,1,-0.1461670943085545,0,LOW
U001,2026-09-04,9.816666666666666,0.6510416666666661,1,0,0,11,0,108.6,42.0,0,1,-0.0676306367094103,0,LOW
U001,2026-09-05,9.95,0.7843749999999989,1,0,0,17,4,58.48,92.0,0,1,-0.1522338032591609,0,LOW
U001,2026-09-07,7.65,1.515625,1,0,0,17,6,83.07,61.0,0,1,-0.1173732968143127,0,LOW
U001,2026-09-09,8.9,0.265625,1,0,0,13,3,83.66,52.0,0,1,-0.1300675551978823,0,LOW
U001,2026-09-10,9.25,0.0843749999999996,1,0,0,21,5,70.92,83.0,0,1,-0.1506131407496082,0,LOW
U001,2026-09-12,8.183333333333334,0.9822916666666668,1,0,0,11,2,82.22,78.0,0,1,-0.1431513768302292,0,LOW
U001,2026-09-13,9.083333333333334,0.0822916666666664,1,0,0,17,2,71.57,77.0,1,1,-0.020511320190334,0,LOW
U001,2026-09-14,8.033333333333333,1.1322916666666671,1,0,0,20,3,26.17,75.0,0,1,-0.1352226559816936,0,LOW
U001,2026-09-15,8.516666666666667,0.6489583333333329,1,0,0,16,6,88.05,86.0,0,1,-0.145985427053776,0,LOW
U001,2026-09-16,10.1,0.9343749999999992,1,0,0,20,8,92.48,101.0,0,1,-0.1152099828661064,0,LOW
U001,2026-09-17,9.516666666666667,0.3510416666666671,1,0,0,16,4,79.48,130.0,0,1,-0.1296980399314374,0,LOW
U001,2026-09-18,10.9,1.734375,1,0,0,16,4,82.06,104.0,0,1,-0.1031991865145107,0,LOW
U001,2026-09-19,10.683333333333334,1.5177083333333332,1,0,0,24,10,109.84,142.0,0,-1,0.0003843321104244,20,LOW
U001,2026-09-20,9.916666666666666,0.7510416666666657,1,0,0,14,3,114.62,123.0,0,1,-0.1027394685883633,0,LOW
U001,2026-09-21,9.25,0.0843749999999996,1,0,0,20,4,77.59,105.0,0,1,-0.1457961852789612,0,LOW
U001,2026-09-22,9.283333333333331,0.1177083333333328,1,0,0,18,6,49.13,100.0,0,1,-0.133469054483947,0,LOW
U001,2026-09-23,8.3,0.8656249999999996,1,0,0,17,7,108.97,95.0,0,1,-0.1246179854722114,0,LOW
U002,2026-08-20,10.016666666666667,1.0365591397849467,1,0,0,19,1,41.43,66.0,0,1,-0.1349791357091656,0,LOW
U002,2026-08-21,7.2,1.7801075268817206,1,0,0,12,1,71.08,124.0,0,1,-0.1136598832576721,0,LOW
U002,2026-08-23,8.716666666666667,0.263440860215054,1,0,0,10,1,57.79,128.0,1,1,-0.0005764981656367,0,LOW
U002,2026-08-24,9.8,0.81989247311828,1,0,0,13,1,40.6,35.0,0,1,-0.1070781769051278,0,LOW
U002,2026-08-25,10.2,1.2198924731182783,1,0,0,10,0,72.65,100.0,0,1,-0.1209756493814002,0,LOW
U002,2026-08-26,8.433333333333334,0.5467741935483872,1,0,0,12,1,65.74,108.0,0,1,-0.1535141847881624,0,LOW
U002,2026-08-27,10.9,1.91989247311828,1,0,0,18,0,29.83,67.0,0,1,-0.0842777129565561,0,LOW
U002,2026-08-28,10.533333333333331,1.5532258064516125,1,0,0,14,2,34.68,107.0,0,1,-0.1210434956200121,0,LOW
U002,2026-08-29,11.066666666666666,2.0865591397849457,1,0,0,15,3,25.51,75.0,0,1,-0.072440754780689,10,LOW
U002,2026-08-30,9.516666666666667,0.5365591397849467,1,0,0,24,1,46.21,99.0,0,1,-0.1330433288297492,0,LOW
U002,2026-09-01,7.2,1.7801075268817206,1,0,0,13,2,35.43,78.0,0,1,-0.1250118994576777,0,LOW
U002,2026-09-02,9.266666666666667,0.2865591397849467,1,0,0,13,0,57.2,55.0,0,1,-0.1293949830408459,0,LOW
U002,2026-09-03,7.583333333333333,1.3967741935483875,1,0,0,19,2,53.01,78.0,0,1,-0.1422944658988748,0,LOW
U002,2026-09-05,7.883333333333333,1.096774193548388,1,0,0,18,3,60.99,73.0,0,1,-0.1514584786466667,0,LOW
U002,2026-09-06,6.4,2.5801075268817204,1,0,0,22,2,66.86,113.0,0,1,-0.0420454826464758,10,LOW
U002,2026-09-07,8.966666666666667,0.0134408602150539,1,0,0,17,1,55.48,99.0,0,1,-0.138753176944739,0,LOW
U002,2026-09-08,9.883333333333333,0.903225806451612,1,0,0,14,0,52.44,91.0,0,1,-0.147124749048592,0,LOW
U002,2026-09-09,9.85,0.8698924731182789,1,0,0,9,1,62.05,105.0,0,1,-0.1354195760306334,0,LOW
U002,2026-09-10,9.083333333333334,0.1032258064516131,1,0,0,14,0,49.07,68.0,0,1,-0.1348007881233489,0,LOW
U002,2026-09-11,8.416666666666666,0.5634408602150547,1,0,0,16,1,70.13,31.0,0,1,-0.111133751717164,0,LOW
U002,2026-09-12,8.75,0.2301075268817207,1,0,0,12,0,31.47,119.0,0,1,-0.1200753214720453,0,LOW
U002,2026-09-13,8.116666666666667,0.8634408602150536,1,0,0,23,2,47.35,51.0,0,1,-0.1276709718346653,0,LOW
U002,2026-09-14,9.75,0.7698924731182792,1,0,0,11,2,49.59,34.0,0,1,-0.1027108261717325,0,LOW
U002,2026-09-15,9.633333333333333,0.6532258064516121,1,0,0,15,4,72.75,105.0,0,1,-0.1531957694107854,0,LOW
U002,2026-09-16,7.35,1.6301075268817211,1,0,0,13,1,45.08,81.0,0,1,-0.1395557617423511,0,LOW
U002,2026-09-17,9.666666666666666,0.6865591397849453,1,0,0,14,2,60.93,64.0,0,1,-0.1498944598521921,0,LOW
U002,2026-09-18,8.983333333333333,0.0032258064516117,1,0,0,13,0,44.39,86.0,0,1,-0.126478830745186,0,LOW
U002,2026-09-19,9.516666666666667,0.5365591397849467,1,0,0,23,1,25.44,92.0,0,1,-0.1234690741542006,0,LOW
U002,2026-09-20,8.65,0.3301075268817204,1,0,0,9,1,53.0,72.0,0,1,-0.1430370830277572,0,LOW
U002,2026-09-21,9.616666666666667,0.6365591397849464,1,0,0,17,1,46.66,114.0,0,1,-0.1502856917266749,0,LOW
U002,2026-09-23,7.433333333333334,1.5467741935483872,1,0,0,11,0,47.8,114.0,0,1,-0.1221607158853943,0,LOW
U003,2026-08-20,7.75,0.9483870967741924,1,0,0,16,1,41.57,72.0,0,1,-0.1485795752604414,0,LOW
U003,2026-08-21,8.033333333333333,0.6650537634408593,1,0,0,17,2,41.51,106.0,0,1,-0.1513355287315504,0,LOW
U003,2026-08-22,8.85,0.1516129032258071,1,0,0,17,1,42.88,73.0,0,1,-0.1473069249294147,0,LOW
U003,2026-08-23,7.066666666666666,1.631720430107526,1,0,0,20,5,37.34,95.0,0,1,-0.1227410948722374,0,LOW
U003,2026-08-24,9.816666666666666,1.118279569892474,1,0,0,15,0,54.67,128.0,0,1,-0.1250145427577207,0,LOW
U003,2026-08-25,10.416666666666666,1.7182795698924735,1,0,0,10,2,42.35,79.0,0,1,-0.1152933413298441,0,LOW
U003,2026-08-26,7.1,1.5983870967741929,1,0,0,16,1,64.58,89.0,0,1,-0.1416559975595873,0,LOW
U003,2026-08-27,7.433333333333334,1.265053763440859,1,0,0,17,4,31.89,114.0,0,1,-0.1250985241828029,0,LOW
U003,2026-08-28,10.183333333333334,1.484946236559141,1,0,0,10,3,69.66,136.0,0,1,-0.0915931381431029,0,LOW
U003,2026-08-29,10.533333333333331,1.834946236559141,1,0,0,18,2,70.7,98.0,0,1,-0.1261648691694625,0,LOW
U003,2026-08-30,8.966666666666667,0.2682795698924742,1,0,0,15,1,45.79,114.0,0,1,-0.1460901758743725,0,LOW
U003,2026-08-31,7.716666666666667,0.9817204301075256,1,0,0,13,3,36.65,44.0,0,1,-0.1114911851740028,0,LOW
U003,2026-09-01,8.483333333333333,0.21505376344086,1,0,0,17,1,59.11,122.0,0,1,-0.139208640516157,0,LOW
U003,2026-09-03,10.316666666666666,1.618279569892474,1,0,0,15,2,40.35,115.0,0,1,-0.1231452667821604,0,LOW
U003,2026-09-04,8.666666666666666,0.0317204301075264,1,0,0,12,2,56.42,112.0,0,1,-0.1271052024499668,0,LOW
U003,2026-09-05,10.466666666666669,1.7682795698924745,1,0,0,12,2,70.89,83.0,0,1,-0.1232605317996471,0,LOW
U003,2026-09-06,8.616666666666667,0.0817204301075253,1,0,0,13,1,38.79,113.0,0,1,-0.1336016735947315,0,LOW
U003,2026-09-07,8.6,0.0983870967741928,1,0,0,13,1,36.49,105.0,0,1,-0.1409220532793753,0,LOW
U003,2026-09-09,8.6,0.0983870967741928,1,0,0,17,1,53.45,102.0,0,1,-0.1512348337155357,0,LOW
U003,2026-09-10,8.466666666666667,0.2317204301075257,1,0,0,21,1,75.16,77.0,0,1,-0.1517869013803615,0,LOW
U003,2026-09-11,8.316666666666666,0.3817204301075261,1,0,0,15,3,58.02,103.0,0,1,-0.1557493325919209,0,LOW
U003,2026-09-12,8.283333333333333,0.4150537634408593,1,0,0,12,0,60.98,119.0,0,1,-0.1329208553282247,0,LOW
U003,2026-09-13,7.433333333333334,1.265053763440859,1,0,0,19,1,43.06,77.0,0,1,-0.1386685984172772,0,LOW
U003,2026-09-14,6.916666666666667,1.7817204301075256,1,0,0,10,1,42.11,124.0,0,1,-0.0915800150234303,0,LOW
U003,2026-09-16,9.516666666666667,0.818279569892475,1,0,0,8,0,53.77,61.0,0,1,-0.1175331822724805,0,LOW
U003,2026-09-17,10.25,1.5516129032258077,1,0,0,11,0,60.43,116.0,0,1,-0.1190922138760968,0,LOW
U003,2026-09-18,7.283333333333333,1.415053763440859,1,0,0,17,2,68.45,33.0,0,1,-0.0919289170691426,0,LOW
U003,2026-09-19,9.133333333333333,0.4349462365591403,1,0,0,8,1,18.42,62.0,0,1,-0.0984390171792417,0,LOW
U003,2026-09-21,8.483333333333333,0.21505376344086,1,0,0,10,1,49.09,95.0,0,1,-0.1458594405722946,0,LOW
U003,2026-09-22,8.816666666666666,0.1182795698924739,1,0,0,14,1,38.87,80.0,0,1,-0.1482127648248381,0,LOW
U003,2026-09-23,9.133333333333333,0.4349462365591403,1,0,0,10,1,63.31,109.0,1,1,-0.0145270024523804,0,LOW
U004,2026-08-20,6.566666666666666,2.060858585858586,1,0,0,14,4,72.57,77.0,0,1,-0.0843095794998349,10,LOW
U004,2026-08-21,7.816666666666666,0.8108585858585862,1,0,0,20,8,61.85,67.0,0,1,-0.1225370963282745,0,LOW
U004,2026-08-22,9.283333333333331,0.6558080808080806,1,0,0,21,6,96.59,52.0,0,1,-0.1268347580111267,0,LOW
U004,2026-08-23,9.633333333333333,1.0058080808080805,1,0,0,18,5,115.22,70.0,0,1,-0.1236242068250754,0,LOW
U004,2026-08-24,6.966666666666667,1.6608585858585858,1,0,0,15,1,47.71,73.0,0,1,-0.127410184711621,0,LOW
U004,2026-08-25,8.683333333333334,0.0558080808080809,1,0,0,21,6,35.72,97.0,0,1,-0.1255643884637396,0,LOW
U004,2026-08-26,8.366666666666667,0.2608585858585854,1,0,0,15,4,68.8,74.0,0,1,-0.153453695613412,0,LOW
U004,2026-08-27,8.216666666666667,0.4108585858585858,1,0,0,18,3,73.5,102.0,0,1,-0.1555856693164417,0,LOW
U004,2026-08-29,8.983333333333333,0.3558080808080799,1,0,0,15,3,23.08,95.0,0,1,-0.1354021968855913,0,LOW
U004,2026-08-30,8.083333333333334,0.5441919191919187,1,0,0,15,5,57.33,50.0,0,1,-0.1300841702104898,0,LOW
U004,2026-08-31,9.1,0.472474747474747,1,0,0,17,4,69.87,110.0,1,1,-0.0238960086523636,0,LOW
U004,2026-09-01,8.866666666666667,0.2391414141414145,1,0,0,19,5,64.73,75.0,1,1,-0.0190773763446072,0,LOW
U004,2026-09-02,7.55,1.0775252525252528,1,0,0,20,3,108.94,118.0,0,1,-0.1120677383468866,0,LOW
U004,2026-09-03,8.45,0.1775252525252533,1,0,0,14,6,80.15,66.0,0,1,-0.1270384100913905,0,LOW
U004,2026-09-04,8.75,0.1224747474747474,1,0,0,22,6,66.45,71.0,0,1,-0.1398196394657064,0,LOW
U004,2026-09-05,7.783333333333333,0.8441919191919194,1,0,0,19,5,55.44,115.0,0,1,-0.1437543408812802,0,LOW
U004,2026-09-06,9.016666666666667,0.3891414141414149,1,0,0,13,4,94.97,107.0,0,1,-0.1411349744161655,0,LOW
U004,2026-09-07,8.083333333333334,0.5441919191919187,1,0,0,9,2,40.34,108.0,0,1,-0.1295429927833694,0,LOW
U004,2026-09-08,9.133333333333333,0.5058080808080803,1,0,0,21,5,70.4,65.0,0,1,-0.1479871912480728,0,LOW
U004,2026-09-09,8.366666666666667,0.2608585858585854,1,0,0,22,5,84.21,100.0,0,1,-0.1511648532501321,0,LOW
U004,2026-09-10,10.483333333333333,1.85580808080808,1,0,0,20,6,99.01,98.0,0,1,-0.0956886155222419,0,LOW
U004,2026-09-11,11.383333333333333,2.7558080808080803,1,0,0,19,4,79.1,69.0,0,1,-0.0314531614609689,10,LOW
U004,2026-09-13,8.833333333333334,0.2058080808080813,1,0,0,16,1,82.5,76.0,0,1,-0.1463543674981894,0,LOW
U004,2026-09-14,8.716666666666667,0.0891414141414141,1,0,0,18,7,46.69,102.0,0,1,-0.125747061988454,0,LOW
U004,2026-09-15,9.333333333333334,0.7058080808080813,1,0,0,12,3,113.7,98.0,0,1,-0.1180388783361697,0,LOW
U004,2026-09-16,9.416666666666666,0.7891414141414135,1,0,0,32,6,57.53,87.0,0,1,-0.0977514143721395,0,LOW
U004,2026-09-17,9.316666666666666,0.6891414141414138,1,0,0,21,5,65.61,103.0,0,1,-0.160102897523195,0,LOW
U004,2026-09-18,7.3,1.3275252525252528,1,0,0,15,4,68.15,98.0,0,1,-0.1402575788127929,0,LOW
U004,2026-09-19,6.741666666666667,1.8858585858585848,2,1,1,22,4,152.32,81.0,1,-1,0.2097855408057422,50,MEDIUM
U004,2026-09-20,6.175,2.4525252525252528,2,1,1,34,10,342.44,65.5,2,-1,0.2243076708283357,70,HIGH
U004,2026-09-21,5.6,3.027525252525253,2,1,1,51,24,925.22,47.5,5,-1,0.2635671277154001,100,CRITICAL
U004,2026-09-22,15.775,7.147474747474748,2,1,1,57,30,2161.6,58.5,2,-1,0.2879772815857561,100,CRITICAL
U004,2026-09-23,7.933333333333334,0.694191919191919,1,0,0,20,7,88.15,81.0,0,1,-0.1364274397202698,0,LOW
U005,2026-08-20,8.466666666666667,0.5413978494623652,1,0,0,12,1,36.5,76.0,0,1,-0.1521178366166199,0,LOW
U005,2026-08-21,9.083333333333334,0.0752688172043019,1,0,0,13,3,25.23,81.0,0,1,-0.1277116267220965,0,LOW
U005,2026-08-23,8.55,0.4580645161290313,1,0,0,11,1,51.72,36.0,0,1,-0.1101321212177477,0,LOW
U005,2026-08-25,7.95,1.058064516129032,1,0,0,6,1,57.95,84.0,0,1,-0.1205290894748629,0,LOW
U005,2026-08-26,8.483333333333333,0.5247311827956995,1,0,0,6,0,20.44,103.0,0,1,-0.1008536870041896,0,LOW
U005,2026-08-27,7.95,1.058064516129032,1,0,0,6,0,40.89,74.0,0,1,-0.1081446402655332,0,LOW
U005,2026-08-29,8.066666666666666,0.9413978494623656,1,0,0,19,4,26.56,117.0,0,1,-0.130920968785342,0,LOW
U005,2026-08-30,9.883333333333333,0.8752688172043008,1,0,0,7,2,28.38,94.0,0,1,-0.1139703479764679,0,LOW
U005,2026-08-31,8.583333333333334,0.4247311827956981,1,0,0,16,5,45.57,112.0,0,1,-0.1433129794979426,0,LOW
U005,2026-09-01,9.233333333333333,0.2252688172043004,1,0,0,13,6,57.47,134.0,0,1,-0.1089349725952813,0,LOW
U005,2026-09-02,8.566666666666666,0.4413978494623656,1,0,0,11,1,23.07,60.0,0,1,-0.1210692680555363,0,LOW
U005,2026-09-03,9.633333333333333,0.6252688172043008,1,0,0,11,4,40.29,125.0,1,-1,0.0144420279736147,20,LOW
U005,2026-09-04,9.516666666666667,0.5086021505376355,1,0,0,11,1,43.18,106.0,0,1,-0.1479466443933589,0,LOW
U005,2026-09-05,10.466666666666669,1.4586021505376348,1,0,0,6,0,36.3,109.0,0,1,-0.0890605631387803,0,LOW
U005,2026-09-06,8.8,0.2080645161290313,1,0,0,10,2,42.54,73.0,0,1,-0.1371730422610959,0,LOW
U005,2026-09-07,8.133333333333333,0.8747311827956992,1,0,0,9,0,37.26,65.0,0,1,-0.1249661197767794,0,LOW
U005,2026-09-08,9.116666666666667,0.1086021505376351,1,0,0,12,3,39.92,129.0,0,1,-0.1142787748711048,0,LOW
U005,2026-09-09,9.7,0.6919354838709673,1,0,0,10,1,48.35,111.0,0,1,-0.1389930373641654,0,LOW
U005,2026-09-10,9.7,0.6919354838709673,1,0,0,7,1,60.46,82.0,0,1,-0.1304392507757385,0,LOW
U005,2026-09-11,9.55,0.5419354838709687,1,0,0,7,1,37.18,88.0,0,1,-0.1275613218331768,0,LOW
U005,2026-09-13,9.816666666666666,0.8086021505376344,1,0,0,6,1,35.44,104.0,0,1,-0.1164151865310587,0,LOW
U005,2026-09-14,12.266666666666667,3.2586021505376355,1,0,0,9,1,39.45,79.0,0,-1,0.0222676836256456,30,MEDIUM
U005,2026-09-15,8.016666666666667,0.9913978494623644,1,0,0,19,3,35.04,137.0,0,1,-0.1157447310166974,0,LOW
U005,2026-09-16,7.583333333333333,1.424731182795699,1,0,0,8,2,55.82,98.0,0,1,-0.1179154708247465,0,LOW
U005,2026-09-17,7.583333333333333,1.424731182795699,1,0,0,10,1,62.94,95.0,0,1,-0.1337865108682123,0,LOW
U005,2026-09-18,9.883333333333333,0.8752688172043008,1,0,0,6,4,14.46,38.0,0,1,-0.034588216059592,0,LOW
U005,2026-09-19,8.1,0.9080645161290324,1,0,0,7,0,20.83,105.0,0,1,-0.10035660562897,0,LOW
U005,2026-09-20,8.233333333333333,0.7747311827956995,1,0,0,11,3,51.99,65.0,0,1,-0.143119690054861,0,LOW
U005,2026-09-21,9.0,0.008064516129032,1,0,0,7,2,21.36,133.0,0,1,-0.0474456242398515,0,LOW
U005,2026-09-22,10.783333333333331,1.7752688172043012,1,0,0,8,1,33.21,119.0,0,1,-0.073709510815269,0,LOW
U005,2026-09-23,8.55,0.4580645161290313,1,0,0,11,2,35.05,112.0,0,1,-0.1385507227862434,0,LOW
U006,2026-08-20,7.85,0.0444444444444442,1,0,0,21,5,183.35,119.0,0,1,-0.0289593983739076,0,LOW
U006,2026-08-21,7.916666666666667,0.022222222222223,1,0,0,33,9,138.98,68.0,0,1,-0.0068852358475973,0,LOW
U006,2026-08-22,7.6,0.2944444444444443,1,0,0,29,6,113.31,109.0,0,1,-0.0871876312711286,0,LOW
U006,2026-08-23,7.583333333333333,0.3111111111111109,1,0,0,25,10,73.05,102.0,0,1,-0.0847533309297235,0,LOW
U006,2026-08-24,9.016666666666667,1.1222222222222236,1,0,0,30,6,126.45,149.0,0,1,-0.036014360928005,0,LOW
U006,2026-08-25,8.116666666666667,0.2222222222222232,1,0,0,34,12,106.51,101.0,0,1,-0.0186352786634684,15,LOW
U006,2026-08-26,9.05,1.1555555555555568,1,0,0,20,4,114.18,130.0,0,1,-0.1041301985016753,0,LOW
U006,2026-08-28,6.416666666666667,1.477777777777777,1,0,0,24,6,62.45,126.0,0,1,-0.0718876233132627,0,LOW
U006,2026-08-29,7.383333333333334,0.5111111111111102,1,0,0,21,4,37.15,96.0,0,1,-0.134691381392318,0,LOW
U006,2026-08-30,7.0,0.8944444444444439,1,0,0,38,14,82.63,91.0,0,-1,0.0141401637784426,35,MEDIUM
U006,2026-08-31,7.433333333333334,0.4611111111111103,1,0,0,22,6,116.1,67.0,0,1,-0.1108105417041914,0,LOW
U006,2026-09-01,8.7,0.8055555555555554,1,0,0,18,8,132.18,75.0,0,1,-0.0976598841967185,0,LOW
U006,2026-09-02,8.783333333333333,0.8888888888888893,1,0,0,22,5,46.95,115.0,0,1,-0.1468881777157823,0,LOW
U006,2026-09-03,8.483333333333333,0.5888888888888886,1,0,0,27,6,98.65,85.0,0,1,-0.1287210460152154,0,LOW
U006,2026-09-04,8.15,0.2555555555555564,1,0,0,25,6,130.03,126.0,0,1,-0.0791001698560963,0,LOW
U006,2026-09-05,8.25,0.355555555555556,1,0,0,27,5,95.16,47.0,0,1,-0.0923753147345856,0,LOW
U006,2026-09-06,7.5,0.3944444444444439,1,0,0,18,9,43.19,95.0,0,1,-0.0894849825683317,0,LOW
U006,2026-09-07,8.183333333333334,0.2888888888888896,1,0,0,26,8,27.7,90.0,0,1,-0.0948391257235472,0,LOW
U006,2026-09-08,6.216666666666667,1.6777777777777771,1,0,0,22,8,118.14,86.0,0,1,-0.0547493797705176,0,LOW
U006,2026-09-09,7.533333333333333,0.3611111111111107,1,0,0,21,8,113.64,102.0,0,1,-0.1046546005431222,0,LOW
U006,2026-09-10,7.016666666666667,0.8777777777777773,1,0,0,36,13,107.18,54.0,0,-1,0.0243947413666166,35,MEDIUM
U006,2026-09-11,7.783333333333333,0.1111111111111107,1,0,0,27,6,137.33,93.0,0,1,-0.083977255104037,0,LOW
U006,2026-09-12,7.133333333333334,0.7611111111111102,1,0,0,21,6,136.44,75.0,0,1,-0.0989684855915569,0,LOW
U006,2026-09-13,6.466666666666667,1.4277777777777771,1,0,0,19,6,110.49,64.0,0,1,-0.0711280478010906,0,LOW
U006,2026-09-14,8.666666666666666,0.7722222222222221,1,0,0,22,6,73.2,78.0,0,1,-0.1532480850590736,0,LOW
U006,2026-09-15,6.716666666666667,1.1777777777777771,1,0,0,26,10,119.6,87.0,0,1,-0.0595642634990138,0,LOW
U006,2026-09-17,8.233333333333333,0.3388888888888886,1,0,0,32,10,76.81,90.0,0,1,-0.07051036874092,0,LOW
U006,2026-09-18,7.7,0.1944444444444437,1,0,0,18,5,147.5,62.0,0,1,-0.0687982460940183,0,LOW
U006,2026-09-19,9.466666666666669,1.5722222222222229,1,0,0,25,4,73.08,57.0,0,1,-0.1096442565821682,0,LOW
U006,2026-09-20,9.45,1.5555555555555554,1,0,0,14,6,75.28,72.0,0,1,-0.1237838203414007,0,LOW
U006,2026-09-21,7.483333333333333,0.4111111111111105,1,0,0,30,8,117.48,48.0,0,1,-0.0547449045759746,0,LOW
U006,2026-09-22,8.95,1.0555555555555554,1,0,0,22,7,70.9,80.0,0,1,-0.1416782568359126,0,LOW
U006,2026-09-23,8.283333333333333,0.3888888888888893,1,0,0,31,9,95.67,102.0,0,1,-0.0801001206364649,0,LOW
U007,2026-08-20,8.8,0.7138888888888886,1,0,0,17,2,105.14,64.0,0,1,-0.1350364365339634,0,LOW
U007,2026-08-21,8.283333333333333,0.197222222222221,1,0,0,27,6,110.39,95.0,0,1,-0.1116388198418112,0,LOW
U007,2026-08-22,7.333333333333333,0.7527777777777791,1,0,0,25,7,72.02,130.0,0,1,-0.096214988286235,0,LOW
U007,2026-08-23,8.0,0.0861111111111121,1,0,0,24,10,144.3,119.0,1,-1,0.066859464409163,20,LOW
U007,2026-08-24,9.383333333333333,1.2972222222222207,1,0,0,24,6,141.87,57.0,0,1,-0.0704824136405156,0,LOW
U007,2026-08-25,9.066666666666666,0.9805555555555544,1,0,0,24,11,140.36,87.0,0,1,-0.0581806192407309,15,LOW
U007,2026-08-26,9.683333333333334,1.5972222222222214,1,0,0,24,7,89.56,94.0,0,1,-0.1175016193608046,0,LOW
U007,2026-08-27,9.4,1.3138888888888882,1,0,0,19,7,75.03,101.0,0,1,-0.1329227004948509,0,LOW
U007,2026-08-28,8.933333333333334,0.8472222222222214,1,0,0,20,8,99.13,104.0,0,1,-0.1252507683499035,0,LOW
U007,2026-08-29,6.466666666666667,1.6194444444444454,1,0,0,27,6,87.16,111.0,0,1,-0.0661935399908624,0,LOW
U007,2026-08-30,8.133333333333333,0.0472222222222207,1,0,0,21,7,116.3,118.0,0,1,-0.0881319522073583,0,LOW
U007,2026-08-31,8.783333333333333,0.6972222222222211,1,0,0,30,12,105.11,89.0,0,1,-0.0588470427039024,15,LOW
U007,2026-09-01,6.35,1.7361111111111125,1,0,0,24,11,85.49,81.0,0,1,-0.0280958228173928,15,LOW
U007,2026-09-02,7.2,0.886111111111112,1,0,0,20,6,66.66,88.0,0,1,-0.1426473186365395,0,LOW
U007,2026-09-03,8.716666666666667,0.6305555555555546,1,0,0,25,10,105.83,81.0,0,1,-0.0975561202280949,0,LOW
U007,2026-09-04,7.0,1.086111111111112,1,0,0,32,10,136.65,133.0,0,1,-0.0032643702291295,0,LOW
U007,2026-09-05,7.283333333333333,0.8027777777777789,1,0,0,27,6,99.21,97.0,0,1,-0.1154631660518607,0,LOW
U007,2026-09-08,7.266666666666667,0.8194444444444455,1,0,0,25,5,77.26,50.0,0,1,-0.1114873618964385,0,LOW
U007,2026-09-09,8.0,0.0861111111111121,1,0,0,25,10,114.76,76.0,0,1,-0.0750263091144056,0,LOW
U007,2026-09-10,8.333333333333334,0.2472222222222218,1,0,0,29,9,94.45,74.0,0,1,-0.0778766537120946,0,LOW
U007,2026-09-11,7.366666666666666,0.7194444444444459,1,0,0,22,6,136.71,98.0,0,1,-0.1069114843014864,0,LOW
U007,2026-09-12,9.8,1.7138888888888886,1,0,0,21,8,60.63,123.0,0,1,-0.0939862697313236,0,LOW
U007,2026-09-13,7.316666666666666,0.7694444444444457,1,0,0,24,9,99.26,87.0,0,1,-0.1084141323367473,0,LOW
U007,2026-09-14,9.85,1.7638888888888875,1,0,0,18,4,120.57,136.0,0,1,-0.0674010514004245,0,LOW
U007,2026-09-15,9.6,1.5138888888888875,1,0,0,23,6,54.42,19.0,0,1,-0.0616283662812458,0,LOW
U007,2026-09-16,7.266666666666667,0.8194444444444455,1,0,0,21,5,92.75,109.0,0,1,-0.135824626812174,0,LOW
U007,2026-09-17,6.966666666666667,1.1194444444444454,1,0,0,33,7,131.76,65.0,0,1,-0.028982846344868,0,LOW
U007,2026-09-18,7.15,0.9361111111111118,1,0,0,19,6,105.33,45.0,0,1,-0.0914311535521206,0,LOW
U007,2026-09-19,5.616666666666667,2.469444444444445,2,1,1,26,7,181.54,64.5,1,-1,0.2120171765566184,60,HIGH
U007,2026-09-20,5.958333333333334,2.127777777777778,2,1,1,40,14,384.52,59.5,2,-1,0.2299289191377724,85,CRITICAL
U007,2026-09-21,4.55,3.5361111111111123,2,1,1,59,28,999.92,63.0,4,-1,0.2673624041391407,100,CRITICAL
U007,2026-09-22,15.716666666666669,7.630555555555555,2,1,1,58,32,2235.45,79.0,1,-1,0.2890770265502037,90,CRITICAL
U007,2026-09-23,7.266666666666667,0.8194444444444455,1,0,0,27,6,97.21,84.0,0,1,-0.117782371597393,0,LOW
U008,2026-08-20,6.733333333333333,1.3642857142857148,1,0,0,30,7,66.08,93.0,0,1,-0.0697062528036382,0,LOW
U008,2026-08-21,8.883333333333333,0.7857142857142847,1,0,0,17,1,105.24,59.0,0,1,-0.1309350033502876,0,LOW
U008,2026-08-22,6.516666666666667,1.5809523809523816,1,0,0,13,4,134.89,90.0,0,1,-0.0584351360199211,0,LOW
U008,2026-08-23,7.116666666666666,0.980952380952382,1,0,0,19,5,96.56,120.0,0,1,-0.1201342501186342,0,LOW
U008,2026-08-24,6.883333333333333,1.2142857142857153,1,0,0,17,4,116.89,80.0,0,1,-0.1051946815781751,0,LOW
U008,2026-08-25,8.616666666666667,0.519047619047619,1,0,0,32,10,82.36,86.0,0,1,-0.0705778064870653,0,LOW
U008,2026-08-26,7.416666666666667,0.6809523809523812,1,0,0,22,8,57.8,104.0,0,1,-0.1201158776502405,0,LOW
U008,2026-08-27,7.833333333333333,0.2642857142857151,1,0,0,25,8,78.89,74.0,0,1,-0.1122799874781954,0,LOW
U008,2026-08-28,8.616666666666667,0.519047619047619,1,0,0,27,4,105.9,107.0,0,1,-0.1150093301304106,0,LOW
U008,2026-08-29,9.75,1.6523809523809518,1,0,0,26,6,90.19,76.0,0,1,-0.105176208492993,0,LOW
U008,2026-08-30,7.266666666666667,0.8309523809523816,1,0,0,23,9,124.09,75.0,0,1,-0.0865821592754914,0,LOW
U008,2026-08-31,8.983333333333333,0.8857142857142843,1,0,0,29,9,68.05,82.0,0,1,-0.0960400373431142,0,LOW
U008,2026-09-01,8.066666666666666,0.0309523809523817,1,0,0,22,9,124.47,110.0,0,1,-0.0616601687253491,0,LOW
U008,2026-09-02,7.066666666666666,1.0309523809523815,1,0,0,24,9,153.17,98.0,0,1,-0.0513157133866016,0,LOW
U008,2026-09-03,8.5,0.4023809523809518,1,0,0,26,7,109.13,122.0,0,1,-0.0942489541422879,0,LOW
U008,2026-09-04,8.916666666666666,0.8190476190476179,1,0,0,17,5,51.94,100.0,0,1,-0.1575781306815882,0,LOW
U008,2026-09-05,7.55,0.5476190476190483,1,0,0,38,7,65.6,87.0,0,1,-0.0469983662196258,0,LOW
U008,2026-09-06,9.8,1.7023809523809526,1,0,0,28,5,100.09,49.0,0,1,-0.0698050858180289,0,LOW
U008,2026-09-07,8.216666666666667,0.1190476190476186,1,0,0,22,8,113.15,90.0,0,1,-0.1092164816615936,0,LOW
U008,2026-09-08,7.166666666666667,0.9309523809523812,1,0,0,23,10,139.64,92.0,0,1,-0.0705068222948705,0,LOW
U008,2026-09-09,7.866666666666667,0.230952380952381,1,0,0,31,8,91.6,107.0,0,1,-0.0842832987787938,0,LOW
U008,2026-09-10,9.216666666666669,1.1190476190476186,1,0,0,21,9,170.92,117.0,0,1,-0.0180564979643564,0,LOW
U008,2026-09-11,7.283333333333333,0.814285714285715,1,0,0,24,6,91.73,113.0,0,1,-0.1245942818917654,0,LOW
U008,2026-09-12,8.916666666666666,0.8190476190476179,1,0,0,31,10,129.0,98.0,0,1,-0.052112061276093,0,LOW
U008,2026-09-13,7.45,0.647619047619048,1,0,0,28,9,114.46,99.0,0,1,-0.0838630363707488,0,LOW
U008,2026-09-14,7.45,0.647619047619048,1,0,0,25,6,95.01,85.0,1,-1,0.0128212147085086,20,LOW
U008,2026-09-15,7.016666666666667,1.0809523809523816,1,0,0,23,6,60.96,94.0,0,1,-0.1349989635217142,0,LOW
U008,2026-09-16,7.816666666666666,0.2809523809523817,1,0,0,21,8,81.92,40.0,0,1,-0.079324800896028,0,LOW
U008,2026-09-17,9.116666666666667,1.019047619047619,1,0,0,30,10,96.53,96.0,0,1,-0.0754298137372213,0,LOW
U008,2026-09-18,9.5,1.4023809523809518,1,0,0,18,3,74.79,106.0,0,1,-0.1439210980733389,0,LOW
U008,2026-09-19,9.766666666666667,1.6690476190476191,1,0,0,24,9,110.19,97.0,0,1,-0.0731626269196141,0,LOW
U008,2026-09-20,9.916666666666666,1.819047619047618,1,0,0,22,8,70.43,82.0,0,1,-0.1069701756474388,0,LOW
U008,2026-09-21,7.066666666666666,1.0309523809523815,1,0,0,20,4,95.22,101.0,0,1,-0.1341379027593543,0,LOW
U008,2026-09-22,6.633333333333333,1.4642857142857153,1,0,0,28,11,95.5,54.0,0,1,-0.0113050371682994,15,LOW
U008,2026-09-23,8.5,0.4023809523809518,1,0,0,24,8,126.41,91.0,0,1,-0.1032637270796063,0,LOW
U009,2026-08-20,8.283333333333333,0.4715686274509814,1,0,0,21,7,82.85,84.0,0,1,-0.1422793165027739,0,LOW
U009,2026-08-21,7.383333333333334,1.3715686274509808,1,0,0,21,4,83.79,109.0,0,1,-0.1349200725738059,0,LOW
U009,2026-08-22,8.966666666666667,0.2117647058823522,1,0,0,19,5,71.28,143.0,0,1,-0.1133769034052097,0,LOW
U009,2026-08-23,8.566666666666666,0.1882352941176481,1,0,0,23,14,68.83,90.0,0,1,-0.0592532594181922,15,LOW
U009,2026-08-24,8.25,0.5049019607843146,1,0,0,11,2,78.2,87.0,0,1,-0.1500057235069853,0,LOW
U009,2026-08-25,7.616666666666667,1.1382352941176477,1,0,0,18,4,35.25,121.0,0,1,-0.1259723161182417,0,LOW
U009,2026-08-26,7.85,0.904901960784315,1,0,0,21,2,82.76,52.0,0,1,-0.1268280789850608,0,LOW
U009,2026-08-27,8.3,0.4549019607843139,1,0,0,22,6,66.28,70.0,0,1,-0.146019983804829,0,LOW
U009,2026-08-28,7.65,1.1049019607843142,1,0,0,12,3,68.95,88.0,0,1,-0.1431538100619545,0,LOW
U009,2026-08-29,9.85,1.095098039215685,1,0,0,7,2,71.09,85.0,0,1,-0.1157818689276866,0,LOW
U009,2026-08-30,8.466666666666667,0.2882352941176478,1,0,0,20,5,75.86,103.0,0,1,-0.1558118507362839,0,LOW
U009,2026-08-31,9.166666666666666,0.4117647058823515,1,0,0,17,4,71.13,66.0,0,1,-0.1498306233799213,0,LOW
U009,2026-09-01,8.283333333333333,0.4715686274509814,1,0,0,22,4,76.85,90.0,0,1,-0.1551879899421515,0,LOW
U009,2026-09-02,7.966666666666667,0.7882352941176478,1,0,0,21,9,49.5,67.0,0,1,-0.1046753363666904,0,LOW
U009,2026-09-03,8.833333333333334,0.0784313725490193,1,0,0,16,6,49.01,77.0,0,1,-0.1356592139690345,0,LOW
U009,2026-09-04,9.1,0.345098039215685,1,0,0,21,6,67.78,85.0,0,1,-0.1515585656985625,0,LOW
U009,2026-09-05,8.25,0.5049019607843146,1,0,0,17,7,84.64,81.0,0,1,-0.1385508992245004,0,LOW
U009,2026-09-06,8.95,0.1950980392156847,1,0,0,15,6,87.42,85.0,0,1,-0.135209597958267,0,LOW
U009,2026-09-07,8.35,0.4049019607843149,1,0,0,15,3,74.04,92.0,0,1,-0.1573559280274262,0,LOW
U009,2026-09-08,9.783333333333331,1.0284313725490186,1,0,0,22,6,98.95,58.0,0,1,-0.1122284386424086,0,LOW
U009,2026-09-09,8.45,0.3049019607843153,1,0,0,22,6,95.45,96.0,0,1,-0.1443123420837493,0,LOW
U009,2026-09-10,9.266666666666667,0.5117647058823529,1,0,0,20,6,36.08,39.0,0,1,-0.0987518892017552,0,LOW
U009,2026-09-11,8.233333333333333,0.5215686274509821,1,0,0,16,4,74.44,63.0,0,1,-0.1435973797798408,0,LOW
U009,2026-09-13,10.65,1.895098039215685,1,0,0,16,4,72.87,88.0,0,1,-0.1180850299445899,0,LOW
U009,2026-09-14,8.233333333333333,0.5215686274509821,1,0,0,15,4,88.25,78.0,0,1,-0.1500007941982343,0,LOW
U009,2026-09-15,9.716666666666669,0.9617647058823522,1,0,0,17,5,71.24,101.0,0,1,-0.1501993588624049,0,LOW
U009,2026-09-16,8.533333333333333,0.2215686274509813,1,0,0,11,4,69.77,73.0,0,1,-0.1401303515173322,0,LOW
U009,2026-09-17,8.15,0.6049019607843142,1,0,0,20,5,55.04,119.0,0,1,-0.1486984244672468,0,LOW
U009,2026-09-18,11.583333333333334,2.82843137254902,1,0,0,24,5,95.0,94.0,0,1,-0.0144164124285023,10,LOW
U009,2026-09-19,8.916666666666666,0.1617647058823514,1,0,0,17,4,78.91,93.0,0,1,-0.1531831874211698,0,LOW
U009,2026-09-20,9.166666666666666,0.4117647058823515,1,0,0,14,3,104.07,137.0,0,1,-0.1028399672764053,0,LOW
U009,2026-09-21,9.366666666666667,0.6117647058823525,1,0,0,12,4,67.48,108.0,0,1,-0.1450927772391645,0,LOW
U009,2026-09-22,8.233333333333333,0.5215686274509821,1,0,0,20,6,86.82,80.0,0,1,-0.1486124132543064,0,LOW
U009,2026-09-23,9.3,0.5450980392156861,1,0,0,12,3,112.32,122.0,0,1,-0.1014195266802687,0,LOW
U010,2026-08-20,8.8,0.0636363636363626,1,0,0,20,1,47.33,79.0,0,1,-0.1472107862710249,0,LOW
U010,2026-08-21,10.7,1.836363636363636,1,0,0,17,0,29.45,70.0,0,1,-0.1023526553819522,0,LOW
U010,2026-08-22,7.15,1.713636363636363,1,0,0,14,3,54.21,74.0,0,1,-0.1285589421054321,0,LOW
U010,2026-08-23,9.816666666666666,0.9530303030303032,1,0,0,12,0,51.8,102.0,0,1,-0.1424888791640952,0,LOW
U010,2026-08-25,8.066666666666666,0.7969696969696969,1,0,0,11,0,49.9,57.0,0,1,-0.13078516550441,0,LOW
U010,2026-08-26,11.25,2.3863636363636367,1,0,0,13,0,48.56,94.0,0,1,-0.073894200398812,10,LOW
U010,2026-08-27,9.766666666666667,0.9030303030303042,1,0,0,15,1,35.74,77.0,0,1,-0.1501921568797832,0,LOW
U010,2026-08-28,7.7,1.1636363636363631,1,0,0,16,3,43.31,42.0,0,1,-0.1119716376444929,0,LOW
U010,2026-08-29,9.0,0.1363636363636367,1,0,0,5,2,52.09,101.0,0,1,-0.1014615796794252,0,LOW
U010,2026-08-30,8.45,0.413636363636364,1,0,0,11,0,68.37,130.0,0,1,-0.1229246688967086,0,LOW
U010,2026-08-31,8.85,0.0136363636363636,1,0,0,11,1,46.8,127.0,0,1,-0.106147932769464,0,LOW
U010,2026-09-01,9.533333333333331,0.6696969696969699,1,0,0,19,2,40.23,102.0,0,1,-0.1547357606000954,0,LOW
U010,2026-09-02,8.333333333333334,0.5303030303030294,1,0,0,12,1,55.51,76.0,0,1,-0.1544214465670536,0,LOW
U010,2026-09-03,8.7,0.163636363636364,1,0,0,13,2,43.84,120.0,0,1,-0.1324709167376417,0,LOW
U010,2026-09-04,8.233333333333333,0.6303030303030308,1,0,0,10,3,49.44,84.0,0,1,-0.1482359425448925,0,LOW
U010,2026-09-05,7.066666666666666,1.7969696969696969,1,0,0,13,0,27.71,133.0,0,1,-0.0790376594678988,0,LOW
U010,2026-09-06,7.433333333333334,1.4303030303030295,1,0,0,16,2,48.01,14.0,0,1,-0.066509418153024,0,LOW
U010,2026-09-07,10.4,1.536363636363637,1,0,0,13,1,52.47,91.0,0,1,-0.141281415271177,0,LOW
U010,2026-09-08,9.816666666666666,0.9530303030303032,1,0,0,11,0,35.69,95.0,0,1,-0.1397653345855233,0,LOW
U010,2026-09-09,9.666666666666666,0.8030303030303028,1,0,0,12,1,40.4,51.0,0,1,-0.1361858301985237,0,LOW
U010,2026-09-10,8.933333333333334,0.0696969696969702,1,0,0,14,1,62.89,72.0,0,1,-0.1475713597399271,0,LOW
U010,2026-09-11,8.2,0.663636363636364,1,0,0,13,1,76.43,82.0,0,1,-0.1581553737168332,0,LOW
U010,2026-09-12,9.5,0.6363636363636367,1,0,0,18,2,50.36,56.0,0,1,-0.1444662148228597,0,LOW
U010,2026-09-14,9.966666666666669,1.1030303030303037,1,0,0,12,3,58.0,111.0,1,1,-0.003920127531267,0,LOW
U010,2026-09-15,8.6,0.2636363636363636,1,0,0,9,2,39.4,75.0,0,1,-0.135702103078328,0,LOW
U010,2026-09-16,7.0,1.8636363636363635,1,0,0,15,2,25.53,105.0,0,1,-0.110102539063754,0,LOW
U010,2026-09-17,7.75,1.113636363636363,1,0,0,13,0,38.6,97.0,0,1,-0.1401021501920835,0,LOW
U010,2026-09-18,10.4,1.536363636363637,1,0,0,14,0,46.67,61.0,0,1,-0.1116210159976344,0,LOW
U010,2026-09-19,9.15,0.286363636363637,1,0,0,17,0,70.52,60.0,0,1,-0.1291219702724264,0,LOW
U010,2026-09-20,8.95,0.0863636363636359,1,0,0,12,0,58.95,74.0,0,1,-0.1330863745546848,0,LOW
U010,2026-09-21,6.316666666666666,2.546969696969697,1,0,0,13,2,52.68,87.0,0,1,-0.0553934409209164,10,LOW
U010,2026-09-22,8.65,0.2136363636363629,1,0,0,12,0,43.22,70.0,0,1,-0.136066454297106,0,LOW
U010,2026-09-23,10.35,1.4863636363636363,1,0,0,16,2,27.56,124.0,0,1,-0.1077935270661044,0,LOW
U011,2026-08-20,9.083333333333334,0.1328125,1,0,0,24,4,98.48,114.0,0,1,-0.1196982890701306,0,LOW
U011,2026-08-21,8.983333333333333,0.2328125000000014,1,0,0,24,8,77.16,158.0,0,1,-0.057716298167156,0,LOW
U011,2026-08-22,9.25,0.033854166666666,1,0,0,15,5,60.24,112.0,0,1,-0.1317378724840551,0,LOW
U011,2026-08-23,10.116666666666667,0.9005208333333332,1,0,0,16,5,102.37,128.0,0,1,-0.10705937998428,0,LOW
U011,2026-08-24,8.083333333333334,1.1328125,1,0,0,13,6,85.86,141.0,0,1,-0.0982178543903842,0,LOW
U011,2026-08-25,8.05,1.1661458333333332,1,0,0,19,1,84.62,64.0,1,1,-0.0009644324457394,0,LOW
U011,2026-08-26,8.566666666666666,0.6494791666666675,1,0,0,20,4,80.49,103.0,0,1,-0.1579149640787793,0,LOW
U011,2026-08-27,9.583333333333334,0.3671875,1,0,0,18,5,59.72,116.0,0,1,-0.1415387882976542,0,LOW
U011,2026-08-28,8.55,0.6661458333333332,1,0,0,18,3,55.55,109.0,0,1,-0.1597925139108278,0,LOW
U011,2026-08-29,9.583333333333334,0.3671875,1,0,0,18,3,9.18,66.0,0,1,-0.1105559147473586,0,LOW
U011,2026-08-30,8.116666666666667,1.0994791666666668,1,0,0,19,9,41.23,100.0,0,1,-0.1004003894579403,0,LOW
U011,2026-08-31,8.433333333333334,0.7828125000000004,1,0,0,12,1,61.37,80.0,0,1,-0.1601526494207876,0,LOW
U011,2026-09-01,9.883333333333333,0.6671874999999989,1,0,0,19,4,108.04,105.0,0,1,-0.1291672662915487,0,LOW
U011,2026-09-02,8.116666666666667,1.0994791666666668,1,0,0,25,6,32.98,64.0,0,1,-0.1052001997472745,0,LOW
U011,2026-09-03,10.533333333333331,1.3171874999999993,1,0,0,23,10,51.02,98.0,0,1,-0.0594013057475812,0,LOW
U011,2026-09-04,6.733333333333333,2.4828125000000005,1,0,0,19,3,65.7,90.0,0,1,-0.0819230756319777,10,LOW
U011,2026-09-05,11.25,2.033854166666666,1,0,0,23,5,53.46,74.0,0,1,-0.072469887436362,10,LOW
U011,2026-09-06,9.783333333333331,0.5671874999999993,1,0,0,20,6,86.95,65.0,0,1,-0.1273884439107386,0,LOW
U011,2026-09-07,9.883333333333333,0.6671874999999989,1,0,0,17,3,84.22,87.0,0,1,-0.1518309166689445,0,LOW
U011,2026-09-08,8.316666666666666,0.8994791666666675,1,0,0,27,6,81.53,155.0,0,1,-0.067706424931774,0,LOW
U011,2026-09-09,10.483333333333333,1.2671874999999986,1,0,0,17,6,58.75,47.0,0,1,-0.0879306667956725,0,LOW
U011,2026-09-10,9.933333333333334,0.7171874999999996,1,0,0,26,8,106.73,64.0,0,1,-0.0908696607581765,0,LOW
U011,2026-09-11,9.783333333333331,0.5671874999999993,1,0,0,18,6,46.11,96.0,0,1,-0.1334949533089081,0,LOW
U011,2026-09-12,8.183333333333334,1.0328125000000004,1,0,0,16,3,93.49,103.0,0,1,-0.1474834579154041,0,LOW
U011,2026-09-13,10.1,0.8838541666666657,1,0,0,23,8,34.22,66.0,0,1,-0.0870896342990366,0,LOW
U011,2026-09-14,10.15,0.9338541666666664,1,0,0,15,1,35.57,80.0,0,1,-0.1452687097619428,0,LOW
U011,2026-09-16,9.566666666666666,0.3505208333333325,1,0,0,13,3,105.66,68.0,0,1,-0.1220419903841,0,LOW
U011,2026-09-17,9.75,0.5338541666666661,1,0,0,12,4,85.14,57.0,0,1,-0.117323731262296,0,LOW
U011,2026-09-18,9.333333333333334,0.1171875,1,0,0,23,6,101.27,117.0,0,1,-0.1084286096963283,0,LOW
U011,2026-09-21,8.45,0.7661458333333346,1,0,0,16,5,93.91,90.0,0,1,-0.1528037371403057,0,LOW
U011,2026-09-22,7.8,1.416145833333334,1,0,0,14,4,69.05,93.0,0,1,-0.1420532018528781,0,LOW
U011,2026-09-23,10.483333333333333,1.2671874999999986,1,0,0,18,5,81.62,76.0,0,1,-0.1232901236125264,0,LOW
U012,2026-08-20,9.366666666666667,0.3348958333333343,1,0,0,22,6,61.63,88.0,0,1,-0.1475237683046291,0,LOW
U012,2026-08-21,9.066666666666666,0.0348958333333335,1,0,0,14,2,70.88,86.0,0,1,-0.1397248809397645,0,LOW
U012,2026-08-22,9.566666666666666,0.5348958333333336,1,0,0,22,4,85.69,105.0,1,1,-0.0052910396085997,0,LOW
U012,2026-08-23,9.166666666666666,0.1348958333333332,1,0,0,23,6,64.77,114.0,0,1,-0.1305754750770677,0,LOW
U012,2026-08-24,10.516666666666667,1.4848958333333346,1,0,0,22,5,75.87,21.0,0,1,-0.0566212454482063,0,LOW
U012,2026-08-25,9.95,0.9182291666666664,1,0,0,13,1,70.01,93.0,0,1,-0.1539696688754278,0,LOW
U012,2026-08-26,9.45,0.4182291666666664,1,0,0,16,6,37.03,57.0,0,1,-0.115118289790519,0,LOW
U012,2026-08-27,7.516666666666667,1.5151041666666665,1,0,0,20,7,79.71,110.0,0,1,-0.1214405430817001,0,LOW
U012,2026-08-28,9.266666666666667,0.2348958333333346,1,0,0,12,7,69.92,61.0,0,1,-0.1053532886767603,0,LOW
U012,2026-08-29,9.7,0.6682291666666664,1,0,0,31,9,92.53,85.0,0,1,-0.0798394004030379,0,LOW
U012,2026-09-01,10.016666666666667,0.9848958333333346,1,0,0,13,0,84.14,110.0,1,-1,0.004266082583157,20,LOW
U012,2026-09-02,9.316666666666666,0.2848958333333335,1,0,0,26,6,80.83,112.0,1,-1,0.005810653993585,20,LOW
U012,2026-09-03,10.65,1.6182291666666675,1,0,0,10,4,46.45,104.0,0,1,-0.1035485997678714,0,LOW
U012,2026-09-04,8.05,0.981770833333332,1,0,0,22,5,54.2,99.0,0,1,-0.1540094247146073,0,LOW
U012,2026-09-05,7.333333333333333,1.6984374999999998,1,0,0,16,2,51.83,141.0,0,1,-0.1007895850601819,0,LOW
U012,2026-09-06,9.633333333333333,0.6015625,1,0,0,18,6,98.76,89.0,0,1,-0.129845592181569,0,LOW
U012,2026-09-07,7.883333333333333,1.1484375,1,0,0,18,8,70.44,95.0,1,-1,0.0022198876874033,20,LOW
U012,2026-09-08,8.016666666666667,1.0151041666666654,1,0,0,24,8,42.06,80.0,0,1,-0.119805921637647,0,LOW
U012,2026-09-09,8.45,0.5817708333333336,1,0,0,20,6,66.57,81.0,0,1,-0.156574718366384,0,LOW
U012,2026-09-10,8.0,1.0317708333333329,1,0,0,10,3,64.13,93.0,0,1,-0.1388476561800077,0,LOW
U012,2026-09-11,10.8,1.768229166666668,1,0,0,22,7,85.77,105.0,0,1,-0.0818211310676926,0,LOW
U012,2026-09-12,8.266666666666667,0.7651041666666654,1,0,0,17,5,72.59,103.0,0,1,-0.1552219340607732,0,LOW
U012,2026-09-13,8.216666666666667,0.8151041666666661,1,0,0,13,3,77.24,145.0,0,1,-0.1093856318645776,0,LOW
U012,2026-09-15,9.5,0.4682291666666671,1,0,0,19,7,78.94,119.0,0,1,-0.1239004999789184,0,LOW
U012,2026-09-16,8.05,0.981770833333332,1,0,0,21,6,61.26,103.0,0,1,-0.1489919436826084,0,LOW
U012,2026-09-17,8.883333333333333,0.1484375,1,0,0,18,8,82.78,159.0,0,1,-0.0568290216416035,0,LOW
U012,2026-09-18,9.733333333333333,0.7015624999999996,1,0,0,31,9,67.87,77.0,0,1,-0.0753024152713612,0,LOW
U012,2026-09-19,7.266666666666667,1.7651041666666665,1,0,0,19,3,47.92,154.0,0,1,-0.0683197136639468,0,LOW
U012,2026-09-20,10.05,1.018229166666668,1,0,0,24,4,55.45,86.0,0,1,-0.1404008970533087,0,LOW
U012,2026-09-21,9.483333333333333,0.4515624999999996,1,0,0,21,5,69.53,97.0,0,1,-0.1567663694940587,0,LOW
U012,2026-09-22,9.7,0.6682291666666664,1,0,0,14,6,46.96,53.0,0,1,-0.1196308480569453,0,LOW
U012,2026-09-23,8.15,0.8817708333333325,1,0,0,20,4,52.65,40.0,0,1,-0.1213577721036613,0,LOW
U013,2026-08-20,9.633333333333333,1.0676470588235285,1,0,0,17,5,72.82,76.0,0,1,-0.1510758789187025,0,LOW
U013,2026-08-21,8.166666666666666,0.3990196078431385,1,0,0,17,4,97.14,66.0,0,1,-0.1366162955250799,0,LOW
U013,2026-08-22,6.616666666666667,1.9490196078431368,1,0,0,24,6,50.71,84.0,0,1,-0.0868345075377222,0,LOW
U013,2026-08-23,11.766666666666667,3.200980392156863,1,0,0,16,0,101.07,116.0,0,-1,0.0224092792264769,30,MEDIUM
U013,2026-08-24,9.8,1.234313725490196,1,0,0,17,1,58.3,159.0,0,1,-0.0799006215423303,0,LOW
U013,2026-08-26,8.483333333333333,0.082352941176472,1,0,0,26,5,110.87,116.0,0,1,-0.0961084356677115,0,LOW
U013,2026-08-27,9.3,0.7343137254901961,1,0,0,22,4,75.99,93.0,0,1,-0.1568140538470264,0,LOW
U013,2026-08-28,9.75,1.1843137254901954,1,0,0,20,2,122.76,64.0,0,1,-0.1025570026886265,0,LOW
U013,2026-08-29,10.933333333333334,2.367647058823529,1,0,0,29,4,91.9,114.0,0,1,-0.0275582147671563,10,LOW
U013,2026-08-30,7.95,0.6156862745098044,1,0,0,19,4,87.26,76.0,0,1,-0.1469715923116108,0,LOW
U013,2026-08-31,9.35,0.7843137254901951,1,0,0,21,4,18.71,113.0,0,1,-0.1232568645785399,0,LOW
U013,2026-09-01,7.266666666666667,1.299019607843138,1,0,0,13,3,86.26,54.0,0,1,-0.1099696869518956,0,LOW
U013,2026-09-02,7.7,0.8656862745098044,1,0,0,16,1,48.0,150.0,1,-1,0.0409825685654714,20,LOW
U013,2026-09-03,8.866666666666667,0.3009803921568625,1,0,0,22,3,55.99,73.0,0,1,-0.152332114078165,0,LOW
U013,2026-09-04,8.966666666666667,0.4009803921568622,1,0,0,13,0,82.49,35.0,0,1,-0.0949130112551742,0,LOW
U013,2026-09-05,7.083333333333333,1.4823529411764715,1,0,0,26,4,50.49,102.0,0,1,-0.1153128573184715,0,LOW
U013,2026-09-06,6.516666666666667,2.049019607843138,1,0,0,14,0,60.26,118.0,0,1,-0.0719034086147834,10,LOW
U013,2026-09-07,8.016666666666667,0.5490196078431371,1,0,0,16,1,64.4,122.0,0,1,-0.1375723492589853,0,LOW
U013,2026-09-08,6.6,1.965686274509805,1,0,0,21,2,71.21,101.0,0,1,-0.1011424567090595,0,LOW
U013,2026-09-09,7.55,1.0156862745098048,1,0,0,13,1,88.25,88.0,0,1,-0.14092692353564,0,LOW
U013,2026-09-10,9.2,0.6343137254901947,1,0,0,13,1,82.39,48.0,0,1,-0.1327074292347042,0,LOW
U013,2026-09-11,9.2,0.6343137254901947,1,0,0,22,2,59.33,93.0,0,1,-0.1573242247440581,0,LOW
U013,2026-09-12,8.5,0.0656862745098045,1,0,0,20,4,48.52,111.0,0,1,-0.1429548927804049,0,LOW
U013,2026-09-13,8.266666666666667,0.2990196078431371,1,0,0,21,4,85.2,62.0,0,1,-0.1354319025685085,0,LOW
U013,2026-09-14,8.316666666666666,0.2490196078431381,1,0,0,28,2,52.29,98.0,0,1,-0.1255355911902475,0,LOW
U013,2026-09-15,8.466666666666667,0.0990196078431377,1,0,0,18,3,73.07,76.0,0,1,-0.1501497719366691,0,LOW
U013,2026-09-16,8.383333333333333,0.1823529411764717,1,0,0,17,2,98.27,61.0,0,1,-0.125339008697512,0,LOW
U013,2026-09-17,6.5,2.065686274509805,1,0,0,21,2,101.03,82.0,0,1,-0.0724806089337721,10,LOW
U013,2026-09-18,10.4,1.834313725490196,1,0,0,22,5,83.03,75.0,0,1,-0.1127836701654462,0,LOW
U013,2026-09-19,6.733333333333333,1.8323529411764712,1,0,0,16,0,108.91,74.0,0,1,-0.0742710543600507,0,LOW
U013,2026-09-20,9.383333333333333,0.8176470588235283,1,0,0,11,0,60.54,62.0,0,1,-0.1392340708773505,0,LOW
U013,2026-09-21,8.2,0.3656862745098053,1,0,0,16,2,54.47,70.0,0,1,-0.1527280037401426,0,LOW
U013,2026-09-22,9.133333333333333,0.5676470588235283,1,0,0,23,5,76.74,51.0,0,1,-0.133904002892266,0,LOW
U013,2026-09-23,10.233333333333333,1.667647058823528,1,0,0,28,3,30.13,81.0,0,1,-0.0846154577790251,0,LOW
U014,2026-08-20,7.033333333333333,1.4614285714285715,1,0,0,12,1,57.52,118.0,0,1,-0.1297717693555303,0,LOW
U014,2026-08-21,8.25,0.2447619047619049,1,0,0,22,2,53.46,69.0,1,1,-0.0079931031811929,0,LOW
U014,2026-08-22,10.616666666666667,2.121904761904762,1,0,0,18,4,69.58,90.0,0,1,-0.1156778151469467,10,LOW
U014,2026-08-23,7.266666666666667,1.2280952380952384,1,0,0,14,1,72.54,91.0,0,1,-0.1419591924037841,0,LOW
U014,2026-08-24,7.133333333333334,1.3614285714285712,1,0,0,13,0,40.97,109.0,0,1,-0.1281135156578832,0,LOW
U014,2026-08-25,9.533333333333331,1.0385714285714285,1,0,0,11,0,49.64,154.0,0,1,-0.0793194296731494,0,LOW
U014,2026-08-26,8.983333333333333,0.4885714285714275,1,0,0,23,3,25.09,110.0,0,1,-0.1221812004818604,0,LOW
U014,2026-08-27,8.05,0.4447619047619042,1,0,0,15,1,57.42,94.0,0,1,-0.1534574013168551,0,LOW
U014,2026-08-28,8.266666666666667,0.2280952380952374,1,0,0,17,1,70.99,113.0,0,1,-0.1437812081939621,0,LOW
U014,2026-08-29,9.116666666666667,0.6219047619047622,1,0,0,17,1,33.66,130.0,0,1,-0.1291606797535562,0,LOW
U014,2026-08-30,8.033333333333333,0.4614285714285717,1,0,0,11,0,46.95,75.0,0,1,-0.1397637748476204,0,LOW
U014,2026-08-31,8.433333333333334,0.0614285714285713,1,0,0,11,1,64.84,103.0,0,1,-0.1404064707399367,0,LOW
U014,2026-09-01,7.266666666666667,1.2280952380952384,1,0,0,13,1,56.67,53.0,0,1,-0.1264074209468312,0,LOW
U014,2026-09-02,7.416666666666667,1.078095238095238,1,0,0,9,0,67.47,105.0,0,1,-0.1203164927663885,0,LOW
U014,2026-09-03,10.25,1.755238095238095,1,0,0,18,2,30.25,100.0,0,1,-0.1225073379937596,0,LOW
U014,2026-09-04,10.483333333333333,1.9885714285714275,1,0,0,12,1,49.09,110.0,0,1,-0.1135042082275913,0,LOW
U014,2026-09-05,8.233333333333333,0.2614285714285724,1,0,0,15,4,41.48,96.0,0,1,-0.1475034023211335,0,LOW
U014,2026-09-06,8.45,0.0447619047619056,1,0,0,12,0,50.23,110.0,0,1,-0.1244009654522017,0,LOW
U014,2026-09-07,9.05,0.5552380952380958,1,0,0,17,2,37.84,58.0,0,1,-0.1394686070521891,0,LOW
U014,2026-09-08,6.4,2.0947619047619046,1,0,0,13,2,52.98,66.0,0,1,-0.0787271746529966,10,LOW
U014,2026-09-09,7.283333333333333,1.2114285714285715,1,0,0,27,2,51.16,112.0,0,1,-0.1100184987844742,0,LOW
U014,2026-09-10,7.766666666666667,0.7280952380952384,1,0,0,13,3,30.16,61.0,0,1,-0.1225398065531965,0,LOW
U014,2026-09-11,8.5,0.005238095238095,1,0,0,21,2,61.76,97.0,0,1,-0.133154623897701,0,LOW
U014,2026-09-12,10.066666666666666,1.5719047619047617,1,0,0,11,1,75.28,113.0,0,1,-0.127071691925926,0,LOW
U014,2026-09-13,8.166666666666666,0.3280952380952389,1,0,0,11,0,39.27,62.0,0,1,-0.125976964263889,0,LOW
U014,2026-09-14,7.866666666666667,0.6280952380952378,1,0,0,26,2,47.2,49.0,0,1,-0.0997891528045264,0,LOW
U014,2026-09-15,9.183333333333334,0.6885714285714286,1,0,0,11,2,48.6,76.0,0,1,-0.1558898725720534,0,LOW
U014,2026-09-16,9.516666666666667,1.0219047619047623,1,0,0,14,2,57.83,125.0,0,1,-0.141025603150455,0,LOW
U014,2026-09-17,8.583333333333334,0.0885714285714289,1,0,0,14,3,41.57,115.0,0,1,-0.1339640942739049,0,LOW
U014,2026-09-18,9.816666666666666,1.3219047619047617,1,0,0,14,1,51.97,75.0,0,1,-0.1498806503424049,0,LOW
U014,2026-09-19,5.866666666666667,2.628095238095238,2,1,1,21,3,113.84,69.0,1,-1,0.2141322862138454,60,HIGH
U014,2026-09-20,5.791666666666667,2.703095238095238,2,1,1,30,6,310.76,76.0,2,-1,0.2238537815500917,70,HIGH
U014,2026-09-21,4.566666666666666,3.92809523809524,2,1,1,48,23,957.07,56.5,4,-1,0.2601653601599285,100,CRITICAL
U014,2026-09-22,16.308333333333334,7.813571428571429,2,1,1,62,30,2149.04,76.0,1,-1,0.2918329084134724,90,CRITICAL
U014,2026-09-23,9.766666666666667,1.2719047619047623,1,0,0,18,0,45.95,90.0,0,1,-0.1372988998012273,0,LOW
U015,2026-08-20,8.566666666666666,0.7318181818181824,1,0,0,27,6,92.32,82.0,0,1,-0.1295539789804665,0,LOW
U015,2026-08-21,9.4,0.1015151515151515,1,0,0,26,5,52.57,66.0,0,1,-0.1088661064670061,0,LOW
U015,2026-08-22,8.233333333333333,1.0651515151515163,1,0,0,13,4,100.5,92.0,0,1,-0.1371639335603664,0,LOW
U015,2026-08-23,10.8,1.501515151515152,1,0,0,30,7,87.94,47.0,0,1,-0.0345803151537607,0,LOW
U015,2026-08-24,9.5,0.2015151515151512,1,0,0,20,2,114.6,94.0,0,1,-0.1182139759539319,0,LOW
U015,2026-08-25,7.7,1.5984848484848486,1,0,0,24,4,30.12,58.0,0,1,-0.091654583474845,0,LOW
U015,2026-08-27,9.566666666666666,0.2681818181818176,1,0,0,17,3,72.61,95.0,0,1,-0.1541058811793433,0,LOW
U015,2026-08-28,11.7,2.4015151515151505,1,0,0,26,5,88.59,116.0,0,1,-0.0186286517895295,10,LOW
U015,2026-08-29,9.783333333333331,0.4848484848484844,1,0,0,21,5,61.9,47.0,0,1,-0.1223756187143618,0,LOW
U015,2026-08-30,8.616666666666667,0.6818181818181817,1,0,0,12,1,104.75,92.0,0,1,-0.1332734312892552,0,LOW
U015,2026-08-31,10.916666666666666,1.6181818181818173,1,0,0,20,2,66.89,99.0,0,1,-0.1152530084950224,0,LOW
U015,2026-09-02,8.583333333333334,0.7151515151515149,1,0,0,20,5,72.91,93.0,0,1,-0.1628826851750496,0,LOW
U015,2026-09-03,8.233333333333333,1.0651515151515163,1,0,0,21,3,106.57,86.0,0,1,-0.1385108201499273,0,LOW
U015,2026-09-04,8.483333333333333,0.8151515151515163,1,0,0,21,5,83.48,74.0,0,1,-0.1563937315306195,0,LOW
U015,2026-09-05,9.15,0.1484848484848484,1,0,0,26,5,86.46,81.0,0,1,-0.1268249981456836,0,LOW
U015,2026-09-06,7.4,1.8984848484848484,1,0,0,13,1,68.57,111.0,0,1,-0.1269048360971809,0,LOW
U015,2026-09-07,8.366666666666667,0.9318181818181815,1,0,0,26,1,35.94,69.0,0,1,-0.117298732737646,0,LOW
U015,2026-09-08,9.75,0.4515151515151512,1,0,0,20,3,96.57,26.0,0,1,-0.0729800491404812,0,LOW
U015,2026-09-09,10.966666666666669,1.668181818181818,1,0,0,18,2,78.0,53.0,0,1,-0.0897113954853036,0,LOW
U015,2026-09-10,6.583333333333333,2.715151515151516,1,0,0,13,2,46.38,90.0,0,1,-0.0573863844359657,10,LOW
U015,2026-09-11,7.616666666666667,1.6818181818181817,1,0,0,20,2,89.55,74.0,0,1,-0.1218009464052657,0,LOW
U015,2026-09-12,9.066666666666666,0.2318181818181823,1,0,0,21,5,56.47,166.0,0,1,-0.0834065330512313,0,LOW
U015,2026-09-13,9.583333333333334,0.2848484848484851,1,0,0,24,1,108.31,94.0,0,1,-0.1135985495252729,0,LOW
U015,2026-09-14,10.3,1.001515151515152,1,0,0,21,5,99.58,66.0,0,1,-0.1173623455718019,0,LOW
U015,2026-09-15,9.45,0.1515151515151505,1,0,0,16,3,104.44,95.0,0,1,-0.1251777157536104,0,LOW
U015,2026-09-16,7.8,1.498484848484849,1,0,0,22,5,73.27,44.0,0,1,-0.1054777266336816,0,LOW
U015,2026-09-17,11.2,1.9015151515151505,1,0,0,22,1,57.31,67.0,0,1,-0.0862883140692604,0,LOW
U015,2026-09-18,7.333333333333333,1.965151515151516,1,0,0,19,4,67.23,98.0,0,1,-0.1280241367337836,0,LOW
U015,2026-09-19,12.9,3.601515151515152,1,0,0,17,3,35.66,92.0,0,-1,0.028311846074806,30,MEDIUM
U015,2026-09-20,9.6,0.3015151515151508,1,0,0,20,3,71.36,71.0,0,1,-0.1499385956982927,0,LOW
U015,2026-09-21,10.25,0.9515151515151512,1,0,0,11,1,57.91,77.0,0,1,-0.1415481927123952,0,LOW
U015,2026-09-22,10.033333333333331,0.7348484848484844,1,0,0,21,5,73.93,70.0,0,1,-0.1476688543861636,0,LOW
U015,2026-09-23,9.416666666666666,0.1181818181818172,1,0,0,16,2,68.28,105.0,0,1,-0.1438383606062702,0,LOW
U016,2026-08-20,11.983333333333333,1.908854166666666,1,0,0,5,0,22.03,82.0,0,1,-0.0184325793212929,0,LOW
U016,2026-08-21,12.983333333333333,2.908854166666666,1,0,0,14,0,42.36,43.0,0,-1,0.0395096270266486,30,MEDIUM
U016,2026-08-22,10.133333333333333,0.0588541666666664,1,0,0,9,0,32.31,86.0,0,1,-0.1034578842082349,0,LOW
U016,2026-08-23,9.966666666666669,0.1078124999999996,1,0,0,6,0,16.74,102.0,0,1,-0.0746043691535901,0,LOW
U016,2026-08-24,10.166666666666666,0.0921874999999996,1,0,0,7,0,29.08,115.0,0,1,-0.0728920147166857,0,LOW
U016,2026-08-25,9.566666666666666,0.5078125,1,0,0,7,1,22.21,87.0,0,1,-0.1131944109744408,0,LOW
U016,2026-08-26,10.9,0.8255208333333339,1,0,0,12,0,26.67,78.0,0,1,-0.1051945106663771,0,LOW
U016,2026-08-28,9.483333333333333,0.5911458333333339,1,0,0,8,0,17.26,76.0,0,1,-0.1027687160146741,0,LOW
U016,2026-08-29,8.283333333333333,1.7911458333333332,1,0,0,7,0,15.41,48.0,0,1,-0.0595402669063772,0,LOW
U016,2026-08-30,7.45,2.6244791666666663,1,0,0,10,1,27.81,94.0,0,1,-0.0611179439890989,10,LOW
U016,2026-08-31,8.25,1.8244791666666664,1,0,0,8,0,24.77,68.0,0,1,-0.090888097071577,0,LOW
U016,2026-09-01,8.366666666666667,1.7078124999999993,1,0,0,11,1,33.75,75.0,0,1,-0.1321810465920006,0,LOW
U016,2026-09-02,8.433333333333334,1.6411458333333329,1,0,0,10,0,25.65,85.0,0,1,-0.1209913840534722,0,LOW
U016,2026-09-03,10.15,0.0755208333333339,1,0,0,6,0,24.52,94.0,0,1,-0.0812001263523404,0,LOW
U016,2026-09-04,9.583333333333334,0.4911458333333325,1,0,0,6,0,18.32,94.0,0,1,-0.1001263116060141,0,LOW
U016,2026-09-05,9.066666666666666,1.0078125,1,0,0,11,1,16.21,88.0,0,1,-0.1314538556096566,0,LOW
U016,2026-09-06,9.716666666666669,0.3578124999999996,1,0,0,9,0,32.09,114.0,1,-1,0.0181685021972795,20,LOW
U016,2026-09-07,13.066666666666666,2.9921875,1,0,0,8,0,20.77,87.0,0,-1,0.034205884434202,30,MEDIUM
U016,2026-09-08,8.616666666666667,1.4578124999999993,1,0,0,2,1,16.86,106.0,0,1,-0.067447884018129,0,LOW
U016,2026-09-09,11.5,1.4255208333333336,1,0,0,6,0,15.36,127.0,0,1,-0.0229365244468776,0,LOW
U016,2026-09-10,11.733333333333333,1.658854166666666,1,0,0,9,0,28.62,92.0,0,1,-0.0679464615604129,0,LOW
U016,2026-09-11,8.55,1.5244791666666655,1,0,0,7,1,33.31,104.0,0,1,-0.1085314818348606,0,LOW
U016,2026-09-12,10.716666666666669,0.6421875000000004,1,0,0,6,0,16.37,94.0,0,1,-0.0723887328375861,0,LOW
U016,2026-09-14,12.483333333333333,2.408854166666666,1,0,0,9,1,27.64,75.0,0,1,-0.0204389044657107,10,LOW
U016,2026-09-15,11.516666666666667,1.442187500000001,1,0,0,12,2,29.91,78.0,0,1,-0.0888462963658859,0,LOW
U016,2026-09-17,10.533333333333331,0.4588541666666668,1,0,0,9,0,32.84,98.0,0,1,-0.101994920553561,0,LOW
U016,2026-09-18,11.75,1.6755208333333336,1,0,0,13,0,35.5,103.0,0,1,-0.0801026970998982,0,LOW
U016,2026-09-19,7.566666666666666,2.5078125,1,0,0,6,0,24.76,35.0,0,1,-0.0021598585445472,10,LOW
U016,2026-09-20,9.183333333333334,0.8911458333333329,1,0,0,12,0,27.55,84.0,0,1,-0.1379175045012236,0,LOW
U016,2026-09-21,10.366666666666667,0.2921875000000007,1,0,0,6,1,18.36,104.0,0,1,-0.0778310690769485,0,LOW
U016,2026-09-22,7.466666666666667,2.6078125,1,0,0,11,1,34.94,54.0,0,1,-0.0511563889839171,10,LOW
U016,2026-09-23,12.85,2.775520833333333,1,0,0,3,0,25.22,88.0,0,-1,0.0474540728000232,30,MEDIUM
U017,2026-08-20,8.583333333333334,0.2532258064516117,1,0,0,15,1,56.06,89.0,0,1,-0.1592484287264849,0,LOW
U017,2026-08-21,8.583333333333334,0.2532258064516117,1,0,0,13,1,51.2,72.0,0,1,-0.1553955243088283,0,LOW
U017,2026-08-22,9.083333333333334,0.2467741935483882,1,0,0,9,1,70.37,78.0,0,1,-0.1395528062793099,0,LOW
U017,2026-08-23,8.666666666666666,0.1698924731182796,1,0,0,17,1,64.33,69.0,0,1,-0.1492280968515292,0,LOW
U017,2026-08-24,9.916666666666666,1.0801075268817204,1,0,0,14,1,45.11,73.0,0,1,-0.1489296172907933,0,LOW
U017,2026-08-25,9.983333333333333,1.1467741935483868,1,0,0,12,0,51.48,86.0,0,1,-0.1416720762665012,0,LOW
U017,2026-08-26,8.05,0.786559139784945,1,0,0,13,2,52.02,115.0,0,1,-0.146573696457763,0,LOW
U017,2026-08-27,9.05,0.213440860215055,1,0,0,13,3,50.72,78.0,0,1,-0.1513717972381599,0,LOW
U017,2026-08-28,8.8,0.0365591397849449,1,0,0,16,1,82.13,61.0,0,1,-0.1227282527302509,0,LOW
U017,2026-08-29,8.216666666666667,0.6198924731182789,1,0,0,12,0,17.7,94.0,0,1,-0.123525732047135,0,LOW
U017,2026-08-30,7.316666666666666,1.5198924731182792,1,0,0,14,1,66.37,105.0,0,1,-0.1369383950656866,0,LOW
U017,2026-08-31,6.833333333333333,2.0032258064516126,1,0,0,19,2,26.01,79.0,0,1,-0.0989461514981306,10,LOW
U017,2026-09-01,8.333333333333334,0.5032258064516117,1,0,0,17,2,88.37,136.0,0,1,-0.1186016551296985,0,LOW
U017,2026-09-02,10.4,1.563440860215055,1,0,0,19,1,42.76,66.0,0,1,-0.1160028126624859,0,LOW
U017,2026-09-04,9.8,0.963440860215055,1,0,0,13,0,60.62,95.0,0,1,-0.1452176252730012,0,LOW
U017,2026-09-05,9.35,0.513440860215054,1,0,0,18,4,47.04,86.0,0,1,-0.1572083177614258,0,LOW
U017,2026-09-06,10.766666666666667,1.9301075268817216,1,0,0,17,0,59.24,120.0,0,1,-0.0969027205667835,0,LOW
U017,2026-09-07,7.683333333333334,1.153225806451612,1,0,0,20,5,46.0,91.0,0,1,-0.1471000489120209,0,LOW
U017,2026-09-08,7.666666666666667,1.1698924731182787,1,0,0,20,1,67.91,65.0,0,1,-0.1339025567157474,0,LOW
U017,2026-09-09,10.866666666666667,2.030107526881721,1,0,0,12,2,26.38,113.0,0,1,-0.0869669432081179,10,LOW
U017,2026-09-10,10.75,1.9134408602150543,1,0,0,8,0,45.78,100.0,0,1,-0.0905685351192158,0,LOW
U017,2026-09-11,7.1,1.736559139784946,1,0,0,23,2,63.35,69.0,0,1,-0.1191728789982466,0,LOW
U017,2026-09-14,8.733333333333333,0.1032258064516131,1,0,0,13,1,22.24,112.0,0,1,-0.1230664885815774,0,LOW
U017,2026-09-15,7.5,1.3365591397849457,1,0,0,16,0,52.15,127.0,0,1,-0.1192758214646659,0,LOW
U017,2026-09-16,7.133333333333334,1.703225806451612,1,0,0,13,2,21.8,113.0,0,1,-0.1051531448613327,0,LOW
U017,2026-09-17,8.133333333333333,0.7032258064516128,1,0,0,16,0,35.27,119.0,0,1,-0.1326829325306598,0,LOW
U017,2026-09-18,9.4,0.5634408602150547,1,0,0,8,0,32.88,77.0,0,1,-0.120955476076048,0,LOW
U017,2026-09-19,10.333333333333334,1.4967741935483885,1,0,0,21,0,53.44,116.0,0,1,-0.1143181645057728,0,LOW
U017,2026-09-20,10.083333333333334,1.2467741935483885,1,0,0,14,2,29.83,95.0,0,1,-0.1363528403549578,0,LOW
U017,2026-09-21,8.733333333333333,0.1032258064516131,1,0,0,20,2,47.53,95.0,0,1,-0.1516468907755161,0,LOW
U017,2026-09-23,8.083333333333334,0.7532258064516117,1,0,0,12,0,82.55,54.0,0,1,-0.1220538684358823,0,LOW
U018,2026-08-20,7.666666666666667,1.4647058823529404,1,0,0,12,1,40.11,90.0,0,1,-0.1419779588031878,0,LOW
U018,2026-08-21,9.333333333333334,0.2019607843137265,1,0,0,8,1,82.16,105.0,0,1,-0.1190234375182134,0,LOW
U018,2026-08-22,9.916666666666666,0.7852941176470587,1,0,0,13,3,39.22,84.0,0,1,-0.1455541098157287,0,LOW
U018,2026-08-23,8.666666666666666,0.4647058823529413,1,0,0,10,0,50.86,32.0,0,1,-0.0891157781085423,0,LOW
U018,2026-08-24,6.216666666666667,2.9147058823529406,1,0,0,18,1,46.41,110.0,0,1,-0.0251098079692854,10,LOW
U018,2026-08-25,7.6,1.5313725490196075,1,0,0,9,1,60.69,95.0,0,1,-0.127407282304538,0,LOW
U018,2026-08-26,7.566666666666666,1.564705882352941,1,0,0,16,0,51.23,116.0,0,1,-0.1269065827366172,0,LOW
U018,2026-08-27,9.533333333333331,0.4019607843137258,1,0,0,17,2,67.93,51.0,0,1,-0.1373392348752198,0,LOW
U018,2026-08-28,9.0,0.1313725490196073,1,0,0,8,0,66.37,87.0,0,1,-0.1163271541292633,0,LOW
U018,2026-08-29,8.216666666666667,0.9147058823529406,1,0,0,16,1,50.89,118.0,0,1,-0.1528222774846889,0,LOW
U018,2026-08-30,8.983333333333333,0.1480392156862748,1,0,0,22,4,28.89,147.0,0,1,-0.085356750761811,0,LOW
U018,2026-08-31,11.4,2.268627450980393,1,0,0,17,0,40.91,60.0,0,1,-0.0526864317494022,10,LOW
U018,2026-09-01,10.533333333333331,1.4019607843137258,1,0,0,17,1,49.89,122.0,0,1,-0.1147973256625588,0,LOW
U018,2026-09-02,7.95,1.1813725490196072,1,0,0,20,2,51.42,112.0,0,1,-0.1453509170605489,0,LOW
U018,2026-09-03,9.5,0.3686274509803926,1,0,0,18,3,59.89,80.0,0,1,-0.1591165308091017,0,LOW
U018,2026-09-04,9.65,0.518627450980393,1,0,0,10,0,59.55,61.0,0,1,-0.1191595577807166,0,LOW
U018,2026-09-05,10.433333333333334,1.3019607843137262,1,0,0,21,4,46.93,104.0,0,1,-0.1344723810350133,0,LOW
U018,2026-09-06,9.483333333333333,0.3519607843137251,1,0,0,15,1,48.13,76.0,0,1,-0.1547497846103035,0,LOW
U018,2026-09-08,8.733333333333333,0.3980392156862748,1,0,0,14,2,32.97,92.0,0,1,-0.1471599529638296,0,LOW
U018,2026-09-09,10.283333333333331,1.1519607843137258,1,0,0,23,1,54.07,84.0,0,1,-0.131043662356273,0,LOW
U018,2026-09-10,8.833333333333334,0.2980392156862734,1,0,0,15,1,45.37,86.0,0,1,-0.1584777539130738,0,LOW
U018,2026-09-11,8.3,0.8313725490196067,1,0,0,11,0,65.67,103.0,0,1,-0.146539658381285,0,LOW
U018,2026-09-12,8.6,0.5313725490196077,1,0,0,20,1,59.44,69.0,0,1,-0.1526176151236628,0,LOW
U018,2026-09-13,9.633333333333333,0.5019607843137255,1,0,0,11,2,35.33,69.0,0,1,-0.1368134785555441,0,LOW
U018,2026-09-14,9.283333333333331,0.1519607843137258,1,0,0,18,4,53.96,121.0,0,1,-0.1377151397882267,0,LOW
U018,2026-09-15,8.35,0.7813725490196077,1,0,0,17,4,70.2,78.0,0,1,-0.161538574159089,0,LOW
U018,2026-09-16,9.466666666666669,0.3352941176470594,1,0,0,18,3,59.95,71.0,0,1,-0.1547358933270091,0,LOW
U018,2026-09-17,11.283333333333331,2.151960784313726,1,0,0,17,1,62.54,95.0,0,1,-0.0937158069156365,10,LOW
U018,2026-09-18,8.7,0.4313725490196081,1,0,0,15,1,47.03,94.0,0,1,-0.1604712303665969,0,LOW
U018,2026-09-19,10.933333333333334,1.8019607843137264,1,0,0,14,3,55.88,58.0,0,1,-0.0876066100357036,0,LOW
U018,2026-09-20,11.4,2.268627450980393,1,0,0,14,2,53.97,75.0,0,1,-0.0748720079769112,10,LOW
U018,2026-09-21,8.883333333333333,0.2480392156862745,1,0,0,14,0,28.06,67.0,0,1,-0.1278266046989939,0,LOW
U018,2026-09-22,9.133333333333333,0.0019607843137254,1,0,0,11,2,74.32,52.0,1,-1,0.0150353229214172,20,LOW
U018,2026-09-23,7.0,2.131372549019608,1,0,0,9,0,33.17,129.0,0,1,-0.0617612725643073,10,LOW
